asof,event_ticker,asset,cadence,close_time,T_years,n_strikes,qualifies,reason,n_two_sided
2026-09-20T06:00:19.208515+00:00,KXBTCD-26SEP2002,BTC,hourly,2026-09-20T06:00:00+00:00,-1e-06,188,False,T not bracketed by two usable Deribit slices
2026-09-20T06:00:19.208515+00:00,KXBTCD-26SEP2017,BTC,daily,2026-09-20T21:00:00+00:00,0.001712,80,False,T not bracketed by two usable Deribit slices
2026-09-20T06:00:19.208515+00:00,KXBTCD-26SEP2517,BTC,weekly,2026-09-25T21:00:00+00:00,0.01541,50,False,"ladder not monotone in Kalshi's own quotes: K=86499.99->0.0550, K=86999.99->0.0650"
2026-09-20T06:00:19.208515+00:00,KXBTCD-26SEP2003,BTC,hourly,2026-09-20T07:00:00+00:00,0.000114,188,False,T not bracketed by two usable Deribit slices
2026-09-20T06:00:19.208515+00:00,KXBTCD-26SEP2004,BTC,hourly,2026-09-20T08:00:00+00:00,0.000228,188,False,T not bracketed by two usable Deribit slices
2026-09-20T06:00:19.208515+00:00,KXBTCD-26SEP2005,BTC,hourly,2026-09-20T09:00:00+00:00,0.000342,188,False,T not bracketed by two usable Deribit slices
2026-09-20T06:00:19.208515+00:00,KXBTCD-26SEP2006,BTC,hourly,2026-09-20T10:00:00+00:00,0.000456,188,False,T not bracketed by two usable Deribit slices
2026-09-20T06:00:19.208515+00:00,KXBTCD-26SEP2007,BTC,hourly,2026-09-20T11:00:00+00:00,0.00057,188,False,T not bracketed by two usable Deribit slices
2026-09-20T06:00:19.208515+00:00,KXBTCD-26SEP2008,BTC,hourly,2026-09-20T12:00:00+00:00,0.000684,188,False,T not bracketed by two usable Deribit slices
2026-09-20T06:00:19.208515+00:00,KXBTCD-26SEP2009,BTC,hourly,2026-09-20T13:00:00+00:00,0.000798,188,False,T not bracketed by two usable Deribit slices
2026-09-20T06:00:19.208515+00:00,KXBTCD-26SEP2010,BTC,hourly,2026-09-20T14:00:00+00:00,0.000913,188,False,T not bracketed by two usable Deribit slices
2026-09-20T06:00:19.208515+00:00,KXBTCD-26SEP2011,BTC,hourly,2026-09-20T15:00:00+00:00,0.001027,188,False,T not bracketed by two usable Deribit slices
2026-09-20T06:00:19.208515+00:00,KXBTCD-26SEP2012,BTC,hourly,2026-09-20T16:00:00+00:00,0.001141,188,False,T not bracketed by two usable Deribit slices
2026-09-20T06:00:19.208515+00:00,KXBTCD-26SEP2013,BTC,hourly,2026-09-20T17:00:00+00:00,0.001255,188,False,T not bracketed by two usable Deribit slices
2026-09-20T06:00:19.208515+00:00,KXBTCD-26SEP2014,BTC,hourly,2026-09-20T18:00:00+00:00,0.001369,188,False,T not bracketed by two usable Deribit slices
2026-09-20T06:00:19.208515+00:00,KXBTCD-26SEP2015,BTC,hourly,2026-09-20T19:00:00+00:00,0.001483,188,False,T not bracketed by two usable Deribit slices
2026-09-20T06:00:19.208515+00:00,KXBTCD-26SEP2016,BTC,hourly,2026-09-20T20:00:00+00:00,0.001598,188,False,T not bracketed by two usable Deribit slices
2026-09-20T06:00:19.208515+00:00,KXBTCD-26SEP2018,BTC,hourly,2026-09-20T22:00:00+00:00,0.001826,188,False,T not bracketed by two usable Deribit slices
2026-09-20T06:00:19.208515+00:00,KXBTCD-26SEP2019,BTC,hourly,2026-09-20T23:00:00+00:00,0.00194,188,False,T not bracketed by two usable Deribit slices
2026-09-20T06:00:19.208515+00:00,KXBTCD-26SEP2020,BTC,hourly,2026-09-21T00:00:00+00:00,0.002054,188,False,T not bracketed by two usable Deribit slices
2026-09-20T06:00:19.208515+00:00,KXBTCD-26SEP2021,BTC,hourly,2026-09-21T01:00:00+00:00,0.002168,188,False,T not bracketed by two usable Deribit slices
2026-09-20T06:00:19.208515+00:00,KXBTCD-26SEP2022,BTC,hourly,2026-09-21T02:00:00+00:00,0.002282,188,False,T not bracketed by two usable Deribit slices
2026-09-20T06:00:19.208515+00:00,KXBTCD-26SEP2023,BTC,hourly,2026-09-21T03:00:00+00:00,0.002397,188,False,T not bracketed by two usable Deribit slices
2026-09-20T06:00:19.208515+00:00,KXBTCD-26SEP2100,BTC,hourly,2026-09-21T04:00:00+00:00,0.002511,188,False,T not bracketed by two usable Deribit slices
2026-09-20T06:00:19.208515+00:00,KXETHD-26SEP2002,ETH,hourly,2026-09-20T06:00:00+00:00,-1e-06,300,False,T not bracketed by two usable Deribit slices
2026-09-20T06:00:19.208515+00:00,KXETHD-26SEP2017,ETH,daily,2026-09-20T21:00:00+00:00,0.001712,40,False,T not bracketed by two usable Deribit slices
2026-09-20T06:00:19.208515+00:00,KXETHD-26SEP2517,ETH,weekly,2026-09-25T21:00:00+00:00,0.01541,50,False,"ladder not monotone in Kalshi's own quotes: K=3059.99->0.0200, K=3099.99->0.0250"
2026-09-20T06:00:19.208515+00:00,KXETHD-26SEP2003,ETH,hourly,2026-09-20T07:00:00+00:00,0.000114,300,False,T not bracketed by two usable Deribit slices
2026-09-20T06:00:19.208515+00:00,KXETHD-26SEP2004,ETH,hourly,2026-09-20T08:00:00+00:00,0.000228,300,False,T not bracketed by two usable Deribit slices
2026-09-20T06:00:19.208515+00:00,KXETHD-26SEP2005,ETH,hourly,2026-09-20T09:00:00+00:00,0.000342,300,False,T not bracketed by two usable Deribit slices
2026-09-20T06:00:19.208515+00:00,KXETHD-26SEP2006,ETH,hourly,2026-09-20T10:00:00+00:00,0.000456,300,False,T not bracketed by two usable Deribit slices
2026-09-20T06:00:19.208515+00:00,KXETHD-26SEP2007,ETH,hourly,2026-09-20T11:00:00+00:00,0.00057,300,False,T not bracketed by two usable Deribit slices
2026-09-20T06:00:19.208515+00:00,KXETHD-26SEP2008,ETH,hourly,2026-09-20T12:00:00+00:00,0.000684,300,False,T not bracketed by two usable Deribit slices
2026-09-20T06:00:19.208515+00:00,KXETHD-26SEP2009,ETH,hourly,2026-09-20T13:00:00+00:00,0.000798,300,False,T not bracketed by two usable Deribit slices
2026-09-20T06:00:19.208515+00:00,KXETHD-26SEP2010,ETH,hourly,2026-09-20T14:00:00+00:00,0.000913,300,False,T not bracketed by two usable Deribit slices
2026-09-20T06:00:19.208515+00:00,KXETHD-26SEP2011,ETH,hourly,2026-09-20T15:00:00+00:00,0.001027,300,False,T not bracketed by two usable Deribit slices
2026-09-20T06:00:19.208515+00:00,KXETHD-26SEP2012,ETH,hourly,2026-09-20T16:00:00+00:00,0.001141,300,False,T not bracketed by two usable Deribit slices
2026-09-20T06:00:19.208515+00:00,KXETHD-26SEP2013,ETH,hourly,2026-09-20T17:00:00+00:00,0.001255,300,False,T not bracketed by two usable Deribit slices
2026-09-20T06:00:19.208515+00:00,KXETHD-26SEP2014,ETH,hourly,2026-09-20T18:00:00+00:00,0.001369,300,False,T not bracketed by two usable Deribit slices
2026-09-20T06:00:19.208515+00:00,KXETHD-26SEP2015,ETH,hourly,2026-09-20T19:00:00+00:00,0.001483,300,False,T not bracketed by two usable Deribit slices
2026-09-20T06:00:19.208515+00:00,KXETHD-26SEP2016,ETH,hourly,2026-09-20T20:00:00+00:00,0.001598,300,False,T not bracketed by two usable Deribit slices
2026-09-20T06:00:19.208515+00:00,KXETHD-26SEP2018,ETH,hourly,2026-09-20T22:00:00+00:00,0.001826,300,False,T not bracketed by two usable Deribit slices
2026-09-20T06:00:19.208515+00:00,KXETHD-26SEP2019,ETH,hourly,2026-09-20T23:00:00+00:00,0.00194,300,False,T not bracketed by two usable Deribit slices
2026-09-20T06:00:19.208515+00:00,KXETHD-26SEP2020,ETH,hourly,2026-09-21T00:00:00+00:00,0.002054,300,False,T not bracketed by two usable Deribit slices
2026-09-20T06:00:19.208515+00:00,KXETHD-26SEP2021,ETH,hourly,2026-09-21T01:00:00+00:00,0.002168,300,False,T not bracketed by two usable Deribit slices
2026-09-20T06:00:19.208515+00:00,KXETHD-26SEP2022,ETH,hourly,2026-09-21T02:00:00+00:00,0.002282,300,False,T not bracketed by two usable Deribit slices
2026-09-20T06:00:19.208515+00:00,KXETHD-26SEP2023,ETH,hourly,2026-09-21T03:00:00+00:00,0.002397,300,False,T not bracketed by two usable Deribit slices
2026-09-20T06:00:19.208515+00:00,KXETHD-26SEP2100,ETH,hourly,2026-09-21T04:00:00+00:00,0.002511,300,False,T not bracketed by two usable Deribit slices
2026-09-20T12:54:06.637393+00:00,KXBTCD-26SEP2009,BTC,hourly,2026-09-20T13:00:00+00:00,1.1e-05,188,False,T not bracketed by two usable Deribit slices
2026-09-20T12:54:06.637393+00:00,KXBTCD-26SEP2017,BTC,daily,2026-09-20T21:00:00+00:00,0.000924,80,False,T not bracketed by two usable Deribit slices
2026-09-20T12:54:06.637393+00:00,KXBTCD-26SEP2517,BTC,weekly,2026-09-25T21:00:00+00:00,0.014623,50,False,"ladder not monotone in Kalshi's own quotes: K=70999.99->0.9850, K=71499.99->0.9900"
2026-09-20T12:54:06.637393+00:00,KXBTCD-26SEP2010,BTC,hourly,2026-09-20T14:00:00+00:00,0.000125,188,False,T not bracketed by two usable Deribit slices
2026-09-20T12:54:06.637393+00:00,KXBTCD-26SEP2011,BTC,hourly,2026-09-20T15:00:00+00:00,0.00024,188,False,T not bracketed by two usable Deribit slices
2026-09-20T12:54:06.637393+00:00,KXBTCD-26SEP2012,BTC,hourly,2026-09-20T16:00:00+00:00,0.000354,188,False,T not bracketed by two usable Deribit slices
2026-09-20T12:54:06.637393+00:00,KXBTCD-26SEP2013,BTC,hourly,2026-09-20T17:00:00+00:00,0.000468,188,False,T not bracketed by two usable Deribit slices
2026-09-20T12:54:06.637393+00:00,KXBTCD-26SEP2014,BTC,hourly,2026-09-20T18:00:00+00:00,0.000582,188,False,T not bracketed by two usable Deribit slices
2026-09-20T12:54:06.637393+00:00,KXBTCD-26SEP2015,BTC,hourly,2026-09-20T19:00:00+00:00,0.000696,188,False,T not bracketed by two usable Deribit slices
2026-09-20T12:54:06.637393+00:00,KXBTCD-26SEP2016,BTC,hourly,2026-09-20T20:00:00+00:00,0.00081,188,False,T not bracketed by two usable Deribit slices
2026-09-20T12:54:06.637393+00:00,KXBTCD-26SEP2018,BTC,hourly,2026-09-20T22:00:00+00:00,0.001039,188,False,T not bracketed by two usable Deribit slices
2026-09-20T12:54:06.637393+00:00,KXBTCD-26SEP2019,BTC,hourly,2026-09-20T23:00:00+00:00,0.001153,188,False,T not bracketed by two usable Deribit slices
2026-09-20T12:54:06.637393+00:00,KXBTCD-26SEP2020,BTC,hourly,2026-09-21T00:00:00+00:00,0.001267,188,False,T not bracketed by two usable Deribit slices
2026-09-20T12:54:06.637393+00:00,KXBTCD-26SEP2021,BTC,hourly,2026-09-21T01:00:00+00:00,0.001381,188,False,T not bracketed by two usable Deribit slices
2026-09-20T12:54:06.637393+00:00,KXBTCD-26SEP2022,BTC,hourly,2026-09-21T02:00:00+00:00,0.001495,188,False,T not bracketed by two usable Deribit slices
2026-09-20T12:54:06.637393+00:00,KXBTCD-26SEP2023,BTC,hourly,2026-09-21T03:00:00+00:00,0.001609,188,False,T not bracketed by two usable Deribit slices
2026-09-20T12:54:06.637393+00:00,KXBTCD-26SEP2100,BTC,hourly,2026-09-21T04:00:00+00:00,0.001724,188,False,T not bracketed by two usable Deribit slices
2026-09-20T12:54:06.637393+00:00,KXBTCD-26SEP2101,BTC,hourly,2026-09-21T05:00:00+00:00,0.001838,188,False,T not bracketed by two usable Deribit slices
2026-09-20T12:54:06.637393+00:00,KXBTCD-26SEP2102,BTC,hourly,2026-09-21T06:00:00+00:00,0.001952,188,False,T not bracketed by two usable Deribit slices
2026-09-20T12:54:06.637393+00:00,KXBTCD-26SEP2103,BTC,hourly,2026-09-21T07:00:00+00:00,0.002066,188,False,T not bracketed by two usable Deribit slices
2026-09-20T12:54:06.637393+00:00,KXBTCD-26SEP2104,BTC,hourly,2026-09-21T08:00:00+00:00,0.00218,188,False,T not bracketed by two usable Deribit slices
2026-09-20T12:54:06.637393+00:00,KXBTCD-26SEP2105,BTC,hourly,2026-09-21T09:00:00+00:00,0.002294,188,False,T not bracketed by two usable Deribit slices
2026-09-20T12:54:06.637393+00:00,KXBTCD-26SEP2106,BTC,hourly,2026-09-21T10:00:00+00:00,0.002408,188,False,T not bracketed by two usable Deribit slices
2026-09-20T12:54:06.637393+00:00,KXBTCD-26SEP2107,BTC,hourly,2026-09-21T11:00:00+00:00,0.002523,188,False,T not bracketed by two usable Deribit slices
2026-09-20T12:54:06.637393+00:00,KXBTCD-26SEP2108,BTC,hourly,2026-09-21T12:00:00+00:00,0.002637,188,False,T not bracketed by two usable Deribit slices
2026-09-20T12:54:06.637393+00:00,KXBTCD-26SEP2109,BTC,hourly,2026-09-21T13:00:00+00:00,0.002751,188,False,T not bracketed by two usable Deribit slices
2026-09-20T12:54:06.637393+00:00,KXBTCD-26SEP2110,BTC,hourly,2026-09-21T14:00:00+00:00,0.002865,188,False,T not bracketed by two usable Deribit slices
2026-09-20T12:54:06.637393+00:00,KXBTCD-26SEP2111,BTC,hourly,2026-09-21T15:00:00+00:00,0.002979,188,False,T not bracketed by two usable Deribit slices
2026-09-20T12:54:06.637393+00:00,KXBTCD-26SEP2112,BTC,hourly,2026-09-21T16:00:00+00:00,0.003093,188,False,T not bracketed by two usable Deribit slices
2026-09-20T12:54:06.637393+00:00,KXBTCD-26SEP2113,BTC,hourly,2026-09-21T17:00:00+00:00,0.003208,188,False,T not bracketed by two usable Deribit slices
2026-09-20T12:54:06.637393+00:00,KXBTCD-26SEP2114,BTC,hourly,2026-09-21T18:00:00+00:00,0.003322,188,False,T not bracketed by two usable Deribit slices
2026-09-20T12:54:06.637393+00:00,KXBTCD-26SEP2115,BTC,hourly,2026-09-21T19:00:00+00:00,0.003436,188,False,T not bracketed by two usable Deribit slices
2026-09-20T12:54:06.637393+00:00,KXBTCD-26SEP2116,BTC,hourly,2026-09-21T20:00:00+00:00,0.00355,188,False,T not bracketed by two usable Deribit slices
2026-09-20T12:54:06.637393+00:00,KXBTCD-26SEP2117,BTC,daily,2026-09-21T21:00:00+00:00,0.003664,80,False,T not bracketed by two usable Deribit slices
2026-09-20T12:54:06.637393+00:00,KXBTCD-26SEP2118,BTC,hourly,2026-09-21T22:00:00+00:00,0.003778,188,False,T not bracketed by two usable Deribit slices
2026-09-20T12:54:06.637393+00:00,KXBTCD-26SEP2119,BTC,hourly,2026-09-21T23:00:00+00:00,0.003892,188,False,T not bracketed by two usable Deribit slices
2026-09-20T12:54:06.637393+00:00,KXBTCD-26SEP2120,BTC,hourly,2026-09-22T00:00:00+00:00,0.004007,188,False,T not bracketed by two usable Deribit slices
2026-09-20T12:54:06.637393+00:00,KXBTCD-26SEP2121,BTC,hourly,2026-09-22T01:00:00+00:00,0.004121,188,False,T not bracketed by two usable Deribit slices
2026-09-20T12:54:06.637393+00:00,KXBTCD-26SEP2122,BTC,hourly,2026-09-22T02:00:00+00:00,0.004235,188,False,T not bracketed by two usable Deribit slices
2026-09-20T12:54:06.637393+00:00,KXBTCD-26SEP2123,BTC,hourly,2026-09-22T03:00:00+00:00,0.004349,188,False,T not bracketed by two usable Deribit slices
2026-09-20T12:54:06.637393+00:00,KXBTCD-26SEP2200,BTC,hourly,2026-09-22T04:00:00+00:00,0.004463,188,False,T not bracketed by two usable Deribit slices
2026-09-20T12:54:06.637393+00:00,KXETHD-26SEP2009,ETH,hourly,2026-09-20T13:00:00+00:00,1.1e-05,300,False,T not bracketed by two usable Deribit slices
2026-09-20T12:54:06.637393+00:00,KXETHD-26SEP2017,ETH,daily,2026-09-20T21:00:00+00:00,0.000924,40,False,T not bracketed by two usable Deribit slices
2026-09-20T12:54:06.637393+00:00,KXETHD-26SEP2517,ETH,weekly,2026-09-25T21:00:00+00:00,0.014623,50,False,only 18 two-sided strikes (need 20)
2026-09-20T12:54:06.637393+00:00,KXETHD-26SEP2010,ETH,hourly,2026-09-20T14:00:00+00:00,0.000125,300,False,T not bracketed by two usable Deribit slices
2026-09-20T12:54:06.637393+00:00,KXETHD-26SEP2011,ETH,hourly,2026-09-20T15:00:00+00:00,0.00024,300,False,T not bracketed by two usable Deribit slices
2026-09-20T12:54:06.637393+00:00,KXETHD-26SEP2012,ETH,hourly,2026-09-20T16:00:00+00:00,0.000354,300,False,T not bracketed by two usable Deribit slices
2026-09-20T12:54:06.637393+00:00,KXETHD-26SEP2013,ETH,hourly,2026-09-20T17:00:00+00:00,0.000468,300,False,T not bracketed by two usable Deribit slices
2026-09-20T12:54:06.637393+00:00,KXETHD-26SEP2014,ETH,hourly,2026-09-20T18:00:00+00:00,0.000582,300,False,T not bracketed by two usable Deribit slices
2026-09-20T12:54:06.637393+00:00,KXETHD-26SEP2015,ETH,hourly,2026-09-20T19:00:00+00:00,0.000696,300,False,T not bracketed by two usable Deribit slices
2026-09-20T12:54:06.637393+00:00,KXETHD-26SEP2016,ETH,hourly,2026-09-20T20:00:00+00:00,0.00081,300,False,T not bracketed by two usable Deribit slices
2026-09-20T12:54:06.637393+00:00,KXETHD-26SEP2018,ETH,hourly,2026-09-20T22:00:00+00:00,0.001039,300,False,T not bracketed by two usable Deribit slices
2026-09-20T12:54:06.637393+00:00,KXETHD-26SEP2019,ETH,hourly,2026-09-20T23:00:00+00:00,0.001153,300,False,T not bracketed by two usable Deribit slices
2026-09-20T12:54:06.637393+00:00,KXETHD-26SEP2020,ETH,hourly,2026-09-21T00:00:00+00:00,0.001267,300,False,T not bracketed by two usable Deribit slices
2026-09-20T12:54:06.637393+00:00,KXETHD-26SEP2021,ETH,hourly,2026-09-21T01:00:00+00:00,0.001381,300,False,T not bracketed by two usable Deribit slices
2026-09-20T12:54:06.637393+00:00,KXETHD-26SEP2022,ETH,hourly,2026-09-21T02:00:00+00:00,0.001495,300,False,T not bracketed by two usable Deribit slices
2026-09-20T12:54:06.637393+00:00,KXETHD-26SEP2023,ETH,hourly,2026-09-21T03:00:00+00:00,0.001609,300,False,T not bracketed by two usable Deribit slices
2026-09-20T12:54:06.637393+00:00,KXETHD-26SEP2100,ETH,hourly,2026-09-21T04:00:00+00:00,0.001724,300,False,T not bracketed by two usable Deribit slices
2026-09-20T12:54:06.637393+00:00,KXETHD-26SEP2101,ETH,hourly,2026-09-21T05:00:00+00:00,0.001838,300,False,T not bracketed by two usable Deribit slices
2026-09-20T12:54:06.637393+00:00,KXETHD-26SEP2102,ETH,hourly,2026-09-21T06:00:00+00:00,0.001952,300,False,T not bracketed by two usable Deribit slices
2026-09-20T12:54:06.637393+00:00,KXETHD-26SEP2103,ETH,hourly,2026-09-21T07:00:00+00:00,0.002066,300,False,T not bracketed by two usable Deribit slices
2026-09-20T12:54:06.637393+00:00,KXETHD-26SEP2104,ETH,hourly,2026-09-21T08:00:00+00:00,0.00218,300,False,T not bracketed by two usable Deribit slices
2026-09-20T12:54:06.637393+00:00,KXETHD-26SEP2105,ETH,hourly,2026-09-21T09:00:00+00:00,0.002294,300,False,T not bracketed by two usable Deribit slices
2026-09-20T12:54:06.637393+00:00,KXETHD-26SEP2106,ETH,hourly,2026-09-21T10:00:00+00:00,0.002408,300,False,T not bracketed by two usable Deribit slices
2026-09-20T12:54:06.637393+00:00,KXETHD-26SEP2107,ETH,hourly,2026-09-21T11:00:00+00:00,0.002523,300,False,T not bracketed by two usable Deribit slices
2026-09-20T12:54:06.637393+00:00,KXETHD-26SEP2108,ETH,hourly,2026-09-21T12:00:00+00:00,0.002637,300,False,T not bracketed by two usable Deribit slices
2026-09-20T12:54:06.637393+00:00,KXETHD-26SEP2109,ETH,hourly,2026-09-21T13:00:00+00:00,0.002751,300,False,T not bracketed by two usable Deribit slices
2026-09-20T12:54:06.637393+00:00,KXETHD-26SEP2110,ETH,hourly,2026-09-21T14:00:00+00:00,0.002865,300,False,T not bracketed by two usable Deribit slices
2026-09-20T12:54:06.637393+00:00,KXETHD-26SEP2111,ETH,hourly,2026-09-21T15:00:00+00:00,0.002979,300,False,T not bracketed by two usable Deribit slices
2026-09-20T12:54:06.637393+00:00,KXETHD-26SEP2112,ETH,hourly,2026-09-21T16:00:00+00:00,0.003093,300,False,T not bracketed by two usable Deribit slices
2026-09-20T12:54:06.637393+00:00,KXETHD-26SEP2113,ETH,hourly,2026-09-21T17:00:00+00:00,0.003208,300,False,T not bracketed by two usable Deribit slices
2026-09-20T12:54:06.637393+00:00,KXETHD-26SEP2114,ETH,hourly,2026-09-21T18:00:00+00:00,0.003322,300,False,T not bracketed by two usable Deribit slices
2026-09-20T12:54:06.637393+00:00,KXETHD-26SEP2115,ETH,hourly,2026-09-21T19:00:00+00:00,0.003436,300,False,T not bracketed by two usable Deribit slices
2026-09-20T12:54:06.637393+00:00,KXETHD-26SEP2116,ETH,hourly,2026-09-21T20:00:00+00:00,0.00355,300,False,T not bracketed by two usable Deribit slices
2026-09-20T12:54:06.637393+00:00,KXETHD-26SEP2117,ETH,daily,2026-09-21T21:00:00+00:00,0.003664,40,False,T not bracketed by two usable Deribit slices
2026-09-20T12:54:06.637393+00:00,KXETHD-26SEP2118,ETH,hourly,2026-09-21T22:00:00+00:00,0.003778,300,False,T not bracketed by two usable Deribit slices
2026-09-20T12:54:06.637393+00:00,KXETHD-26SEP2119,ETH,hourly,2026-09-21T23:00:00+00:00,0.003892,300,False,T not bracketed by two usable Deribit slices
2026-09-20T12:54:06.637393+00:00,KXETHD-26SEP2120,ETH,hourly,2026-09-22T00:00:00+00:00,0.004007,300,False,T not bracketed by two usable Deribit slices
2026-09-20T12:54:06.637393+00:00,KXETHD-26SEP2121,ETH,hourly,2026-09-22T01:00:00+00:00,0.004121,300,False,T not bracketed by two usable Deribit slices
2026-09-20T12:54:06.637393+00:00,KXETHD-26SEP2122,ETH,hourly,2026-09-22T02:00:00+00:00,0.004235,300,False,T not bracketed by two usable Deribit slices
2026-09-20T12:54:06.637393+00:00,KXETHD-26SEP2123,ETH,hourly,2026-09-22T03:00:00+00:00,0.004349,300,False,T not bracketed by two usable Deribit slices
2026-09-20T12:54:06.637393+00:00,KXETHD-26SEP2200,ETH,hourly,2026-09-22T04:00:00+00:00,0.004463,300,False,T not bracketed by two usable Deribit slices
2026-09-20T18:21:52.943922+00:00,KXBTCD-26SEP2015,BTC,hourly,2026-09-20T19:00:00+00:00,7.3e-05,188,False,T not bracketed by two usable Deribit slices,10
2026-09-20T18:21:52.943922+00:00,KXBTCD-26SEP2017,BTC,daily,2026-09-20T21:00:00+00:00,0.000301,80,False,T not bracketed by two usable Deribit slices,12
2026-09-20T18:21:52.943922+00:00,KXBTCD-26SEP2517,BTC,weekly,2026-09-25T21:00:00+00:00,0.013999,50,True,qualifies,35
2026-09-20T18:21:52.943922+00:00,KXBTCD-26SEP2016,BTC,hourly,2026-09-20T20:00:00+00:00,0.000187,188,False,T not bracketed by two usable Deribit slices,0
2026-09-20T18:21:52.943922+00:00,KXBTCD-26SEP2018,BTC,hourly,2026-09-20T22:00:00+00:00,0.000415,188,False,T not bracketed by two usable Deribit slices,0
2026-09-20T18:21:52.943922+00:00,KXBTCD-26SEP2019,BTC,hourly,2026-09-20T23:00:00+00:00,0.000529,188,False,T not bracketed by two usable Deribit slices,0
2026-09-20T18:21:52.943922+00:00,KXBTCD-26SEP2020,BTC,hourly,2026-09-21T00:00:00+00:00,0.000643,188,False,T not bracketed by two usable Deribit slices,0
2026-09-20T18:21:52.943922+00:00,KXBTCD-26SEP2021,BTC,hourly,2026-09-21T01:00:00+00:00,0.000757,188,False,T not bracketed by two usable Deribit slices,0
2026-09-20T18:21:52.943922+00:00,KXBTCD-26SEP2022,BTC,hourly,2026-09-21T02:00:00+00:00,0.000872,188,False,T not bracketed by two usable Deribit slices,0
2026-09-20T18:21:52.943922+00:00,KXBTCD-26SEP2023,BTC,hourly,2026-09-21T03:00:00+00:00,0.000986,188,False,T not bracketed by two usable Deribit slices,0
2026-09-20T18:21:52.943922+00:00,KXBTCD-26SEP2100,BTC,hourly,2026-09-21T04:00:00+00:00,0.0011,188,False,T not bracketed by two usable Deribit slices,0
2026-09-20T18:21:52.943922+00:00,KXBTCD-26SEP2101,BTC,hourly,2026-09-21T05:00:00+00:00,0.001214,188,False,T not bracketed by two usable Deribit slices,0
2026-09-20T18:21:52.943922+00:00,KXBTCD-26SEP2102,BTC,hourly,2026-09-21T06:00:00+00:00,0.001328,188,False,T not bracketed by two usable Deribit slices,0
2026-09-20T18:21:52.943922+00:00,KXBTCD-26SEP2103,BTC,hourly,2026-09-21T07:00:00+00:00,0.001442,188,False,T not bracketed by two usable Deribit slices,0
2026-09-20T18:21:52.943922+00:00,KXBTCD-26SEP2104,BTC,hourly,2026-09-21T08:00:00+00:00,0.001557,188,False,T not bracketed by two usable Deribit slices,0
2026-09-20T18:21:52.943922+00:00,KXBTCD-26SEP2105,BTC,hourly,2026-09-21T09:00:00+00:00,0.001671,188,False,T not bracketed by two usable Deribit slices,0
2026-09-20T18:21:52.943922+00:00,KXBTCD-26SEP2106,BTC,hourly,2026-09-21T10:00:00+00:00,0.001785,188,False,T not bracketed by two usable Deribit slices,0
2026-09-20T18:21:52.943922+00:00,KXBTCD-26SEP2107,BTC,hourly,2026-09-21T11:00:00+00:00,0.001899,188,False,T not bracketed by two usable Deribit slices,0
2026-09-20T18:21:52.943922+00:00,KXBTCD-26SEP2108,BTC,hourly,2026-09-21T12:00:00+00:00,0.002013,188,False,T not bracketed by two usable Deribit slices,0
2026-09-20T18:21:52.943922+00:00,KXBTCD-26SEP2109,BTC,hourly,2026-09-21T13:00:00+00:00,0.002127,188,False,T not bracketed by two usable Deribit slices,0
2026-09-20T18:21:52.943922+00:00,KXBTCD-26SEP2110,BTC,hourly,2026-09-21T14:00:00+00:00,0.002241,188,False,T not bracketed by two usable Deribit slices,0
2026-09-20T18:21:52.943922+00:00,KXBTCD-26SEP2111,BTC,hourly,2026-09-21T15:00:00+00:00,0.002356,188,False,T not bracketed by two usable Deribit slices,0
2026-09-20T18:21:52.943922+00:00,KXBTCD-26SEP2112,BTC,hourly,2026-09-21T16:00:00+00:00,0.00247,188,False,T not bracketed by two usable Deribit slices,0
2026-09-20T18:21:52.943922+00:00,KXBTCD-26SEP2113,BTC,hourly,2026-09-21T17:00:00+00:00,0.002584,188,False,T not bracketed by two usable Deribit slices,0
2026-09-20T18:21:52.943922+00:00,KXBTCD-26SEP2114,BTC,hourly,2026-09-21T18:00:00+00:00,0.002698,188,False,T not bracketed by two usable Deribit slices,0
2026-09-20T18:21:52.943922+00:00,KXBTCD-26SEP2115,BTC,hourly,2026-09-21T19:00:00+00:00,0.002812,188,False,T not bracketed by two usable Deribit slices,0
2026-09-20T18:21:52.943922+00:00,KXBTCD-26SEP2116,BTC,hourly,2026-09-21T20:00:00+00:00,0.002926,188,False,T not bracketed by two usable Deribit slices,0
2026-09-20T18:21:52.943922+00:00,KXBTCD-26SEP2117,BTC,daily,2026-09-21T21:00:00+00:00,0.003041,80,False,T not bracketed by two usable Deribit slices,0
2026-09-20T18:21:52.943922+00:00,KXBTCD-26SEP2118,BTC,hourly,2026-09-21T22:00:00+00:00,0.003155,188,False,T not bracketed by two usable Deribit slices,0
2026-09-20T18:21:52.943922+00:00,KXBTCD-26SEP2119,BTC,hourly,2026-09-21T23:00:00+00:00,0.003269,188,False,T not bracketed by two usable Deribit slices,0
2026-09-20T18:21:52.943922+00:00,KXBTCD-26SEP2120,BTC,hourly,2026-09-22T00:00:00+00:00,0.003383,188,False,T not bracketed by two usable Deribit slices,0
2026-09-20T18:21:52.943922+00:00,KXBTCD-26SEP2121,BTC,hourly,2026-09-22T01:00:00+00:00,0.003497,188,False,T not bracketed by two usable Deribit slices,0
2026-09-20T18:21:52.943922+00:00,KXBTCD-26SEP2122,BTC,hourly,2026-09-22T02:00:00+00:00,0.003611,188,False,T not bracketed by two usable Deribit slices,0
2026-09-20T18:21:52.943922+00:00,KXBTCD-26SEP2123,BTC,hourly,2026-09-22T03:00:00+00:00,0.003725,188,False,T not bracketed by two usable Deribit slices,0
2026-09-20T18:21:52.943922+00:00,KXBTCD-26SEP2200,BTC,hourly,2026-09-22T04:00:00+00:00,0.00384,188,False,T not bracketed by two usable Deribit slices,0
2026-09-20T18:21:52.943922+00:00,KXETHD-26SEP2015,ETH,hourly,2026-09-20T19:00:00+00:00,7.3e-05,300,False,T not bracketed by two usable Deribit slices,8
2026-09-20T18:21:52.943922+00:00,KXETHD-26SEP2017,ETH,daily,2026-09-20T21:00:00+00:00,0.000301,40,False,T not bracketed by two usable Deribit slices,4
2026-09-20T18:21:52.943922+00:00,KXETHD-26SEP2517,ETH,weekly,2026-09-25T21:00:00+00:00,0.013999,50,True,qualifies,20
2026-09-20T18:21:52.943922+00:00,KXETHD-26SEP2016,ETH,hourly,2026-09-20T20:00:00+00:00,0.000187,300,False,T not bracketed by two usable Deribit slices,0
2026-09-20T18:21:52.943922+00:00,KXETHD-26SEP2018,ETH,hourly,2026-09-20T22:00:00+00:00,0.000415,300,False,T not bracketed by two usable Deribit slices,0
2026-09-20T18:21:52.943922+00:00,KXETHD-26SEP2019,ETH,hourly,2026-09-20T23:00:00+00:00,0.000529,300,False,T not bracketed by two usable Deribit slices,0
2026-09-20T18:21:52.943922+00:00,KXETHD-26SEP2020,ETH,hourly,2026-09-21T00:00:00+00:00,0.000643,300,False,T not bracketed by two usable Deribit slices,0
2026-09-20T18:21:52.943922+00:00,KXETHD-26SEP2021,ETH,hourly,2026-09-21T01:00:00+00:00,0.000757,300,False,T not bracketed by two usable Deribit slices,0
2026-09-20T18:21:52.943922+00:00,KXETHD-26SEP2022,ETH,hourly,2026-09-21T02:00:00+00:00,0.000872,300,False,T not bracketed by two usable Deribit slices,0
2026-09-20T18:21:52.943922+00:00,KXETHD-26SEP2023,ETH,hourly,2026-09-21T03:00:00+00:00,0.000986,300,False,T not bracketed by two usable Deribit slices,0
2026-09-20T18:21:52.943922+00:00,KXETHD-26SEP2100,ETH,hourly,2026-09-21T04:00:00+00:00,0.0011,300,False,T not bracketed by two usable Deribit slices,0
2026-09-20T18:21:52.943922+00:00,KXETHD-26SEP2101,ETH,hourly,2026-09-21T05:00:00+00:00,0.001214,300,False,T not bracketed by two usable Deribit slices,0
2026-09-20T18:21:52.943922+00:00,KXETHD-26SEP2102,ETH,hourly,2026-09-21T06:00:00+00:00,0.001328,300,False,T not bracketed by two usable Deribit slices,0
2026-09-20T18:21:52.943922+00:00,KXETHD-26SEP2103,ETH,hourly,2026-09-21T07:00:00+00:00,0.001442,300,False,T not bracketed by two usable Deribit slices,0
2026-09-20T18:21:52.943922+00:00,KXETHD-26SEP2104,ETH,hourly,2026-09-21T08:00:00+00:00,0.001557,300,False,T not bracketed by two usable Deribit slices,0
2026-09-20T18:21:52.943922+00:00,KXETHD-26SEP2105,ETH,hourly,2026-09-21T09:00:00+00:00,0.001671,300,False,T not bracketed by two usable Deribit slices,0
2026-09-20T18:21:52.943922+00:00,KXETHD-26SEP2106,ETH,hourly,2026-09-21T10:00:00+00:00,0.001785,300,False,T not bracketed by two usable Deribit slices,0
2026-09-20T18:21:52.943922+00:00,KXETHD-26SEP2107,ETH,hourly,2026-09-21T11:00:00+00:00,0.001899,300,False,T not bracketed by two usable Deribit slices,0
2026-09-20T18:21:52.943922+00:00,KXETHD-26SEP2108,ETH,hourly,2026-09-21T12:00:00+00:00,0.002013,300,False,T not bracketed by two usable Deribit slices,0
2026-09-20T18:21:52.943922+00:00,KXETHD-26SEP2109,ETH,hourly,2026-09-21T13:00:00+00:00,0.002127,300,False,T not bracketed by two usable Deribit slices,0
2026-09-20T18:21:52.943922+00:00,KXETHD-26SEP2110,ETH,hourly,2026-09-21T14:00:00+00:00,0.002241,300,False,T not bracketed by two usable Deribit slices,0
2026-09-20T18:21:52.943922+00:00,KXETHD-26SEP2111,ETH,hourly,2026-09-21T15:00:00+00:00,0.002356,300,False,T not bracketed by two usable Deribit slices,0
2026-09-20T18:21:52.943922+00:00,KXETHD-26SEP2112,ETH,hourly,2026-09-21T16:00:00+00:00,0.00247,300,False,T not bracketed by two usable Deribit slices,0
2026-09-20T18:21:52.943922+00:00,KXETHD-26SEP2113,ETH,hourly,2026-09-21T17:00:00+00:00,0.002584,300,False,T not bracketed by two usable Deribit slices,0
2026-09-20T18:21:52.943922+00:00,KXETHD-26SEP2114,ETH,hourly,2026-09-21T18:00:00+00:00,0.002698,300,False,T not bracketed by two usable Deribit slices,0
2026-09-20T18:21:52.943922+00:00,KXETHD-26SEP2115,ETH,hourly,2026-09-21T19:00:00+00:00,0.002812,300,False,T not bracketed by two usable Deribit slices,0
2026-09-20T18:21:52.943922+00:00,KXETHD-26SEP2116,ETH,hourly,2026-09-21T20:00:00+00:00,0.002926,300,False,T not bracketed by two usable Deribit slices,0
2026-09-20T18:21:52.943922+00:00,KXETHD-26SEP2117,ETH,daily,2026-09-21T21:00:00+00:00,0.003041,40,False,T not bracketed by two usable Deribit slices,0
2026-09-20T18:21:52.943922+00:00,KXETHD-26SEP2118,ETH,hourly,2026-09-21T22:00:00+00:00,0.003155,300,False,T not bracketed by two usable Deribit slices,0
2026-09-20T18:21:52.943922+00:00,KXETHD-26SEP2119,ETH,hourly,2026-09-21T23:00:00+00:00,0.003269,300,False,T not bracketed by two usable Deribit slices,0
2026-09-20T18:21:52.943922+00:00,KXETHD-26SEP2120,ETH,hourly,2026-09-22T00:00:00+00:00,0.003383,300,False,T not bracketed by two usable Deribit slices,0
2026-09-20T18:21:52.943922+00:00,KXETHD-26SEP2121,ETH,hourly,2026-09-22T01:00:00+00:00,0.003497,300,False,T not bracketed by two usable Deribit slices,0
2026-09-20T18:21:52.943922+00:00,KXETHD-26SEP2122,ETH,hourly,2026-09-22T02:00:00+00:00,0.003611,300,False,T not bracketed by two usable Deribit slices,0
2026-09-20T18:21:52.943922+00:00,KXETHD-26SEP2123,ETH,hourly,2026-09-22T03:00:00+00:00,0.003725,300,False,T not bracketed by two usable Deribit slices,0
2026-09-20T18:21:52.943922+00:00,KXETHD-26SEP2200,ETH,hourly,2026-09-22T04:00:00+00:00,0.00384,300,False,T not bracketed by two usable Deribit slices,0
2026-09-21T07:00:43.240714+00:00,KXBTCD-26SEP2103,BTC,hourly,2026-09-21T07:00:00+00:00,-1e-06,188,False,T not bracketed by two usable Deribit slices,0
2026-09-21T07:00:43.240714+00:00,KXBTCD-26SEP2117,BTC,daily,2026-09-21T21:00:00+00:00,0.001597,80,False,T not bracketed by two usable Deribit slices,27
2026-09-21T07:00:43.240714+00:00,KXBTCD-26SEP2517,BTC,weekly,2026-09-25T21:00:00+00:00,0.012556,50,True,qualifies,35
2026-09-21T07:00:43.240714+00:00,KXBTCD-26SEP2104,BTC,hourly,2026-09-21T08:00:00+00:00,0.000113,188,False,T not bracketed by two usable Deribit slices,15
2026-09-21T07:00:43.240714+00:00,KXBTCD-26SEP2105,BTC,hourly,2026-09-21T09:00:00+00:00,0.000227,188,False,T not bracketed by two usable Deribit slices,0
2026-09-21T07:00:43.240714+00:00,KXBTCD-26SEP2106,BTC,hourly,2026-09-21T10:00:00+00:00,0.000341,188,False,T not bracketed by two usable Deribit slices,0
2026-09-21T07:00:43.240714+00:00,KXBTCD-26SEP2107,BTC,hourly,2026-09-21T11:00:00+00:00,0.000455,188,False,T not bracketed by two usable Deribit slices,0
2026-09-21T07:00:43.240714+00:00,KXBTCD-26SEP2108,BTC,hourly,2026-09-21T12:00:00+00:00,0.000569,188,False,T not bracketed by two usable Deribit slices,0
2026-09-21T07:00:43.240714+00:00,KXBTCD-26SEP2109,BTC,hourly,2026-09-21T13:00:00+00:00,0.000684,188,False,T not bracketed by two usable Deribit slices,0
2026-09-21T07:00:43.240714+00:00,KXBTCD-26SEP2110,BTC,hourly,2026-09-21T14:00:00+00:00,0.000798,188,False,T not bracketed by two usable Deribit slices,0
2026-09-21T07:00:43.240714+00:00,KXBTCD-26SEP2111,BTC,hourly,2026-09-21T15:00:00+00:00,0.000912,188,False,T not bracketed by two usable Deribit slices,0
2026-09-21T07:00:43.240714+00:00,KXBTCD-26SEP2112,BTC,hourly,2026-09-21T16:00:00+00:00,0.001026,188,False,T not bracketed by two usable Deribit slices,0
2026-09-21T07:00:43.240714+00:00,KXBTCD-26SEP2113,BTC,hourly,2026-09-21T17:00:00+00:00,0.00114,188,False,T not bracketed by two usable Deribit slices,0
2026-09-21T07:00:43.240714+00:00,KXBTCD-26SEP2114,BTC,hourly,2026-09-21T18:00:00+00:00,0.001254,188,False,T not bracketed by two usable Deribit slices,0
2026-09-21T07:00:43.240714+00:00,KXBTCD-26SEP2115,BTC,hourly,2026-09-21T19:00:00+00:00,0.001368,188,False,T not bracketed by two usable Deribit slices,0
2026-09-21T07:00:43.240714+00:00,KXBTCD-26SEP2116,BTC,hourly,2026-09-21T20:00:00+00:00,0.001483,188,False,T not bracketed by two usable Deribit slices,0
2026-09-21T07:00:43.240714+00:00,KXBTCD-26SEP2118,BTC,hourly,2026-09-21T22:00:00+00:00,0.001711,188,False,T not bracketed by two usable Deribit slices,0
2026-09-21T07:00:43.240714+00:00,KXBTCD-26SEP2119,BTC,hourly,2026-09-21T23:00:00+00:00,0.001825,188,False,T not bracketed by two usable Deribit slices,0
2026-09-21T07:00:43.240714+00:00,KXBTCD-26SEP2120,BTC,hourly,2026-09-22T00:00:00+00:00,0.001939,188,False,T not bracketed by two usable Deribit slices,0
2026-09-21T07:00:43.240714+00:00,KXBTCD-26SEP2121,BTC,hourly,2026-09-22T01:00:00+00:00,0.002053,188,False,T not bracketed by two usable Deribit slices,0
2026-09-21T07:00:43.240714+00:00,KXBTCD-26SEP2122,BTC,hourly,2026-09-22T02:00:00+00:00,0.002168,188,False,T not bracketed by two usable Deribit slices,0
2026-09-21T07:00:43.240714+00:00,KXBTCD-26SEP2123,BTC,hourly,2026-09-22T03:00:00+00:00,0.002282,188,False,T not bracketed by two usable Deribit slices,0
2026-09-21T07:00:43.240714+00:00,KXBTCD-26SEP2200,BTC,hourly,2026-09-22T04:00:00+00:00,0.002396,188,False,T not bracketed by two usable Deribit slices,0
2026-09-21T07:00:43.240714+00:00,KXETHD-26SEP2103,ETH,hourly,2026-09-21T07:00:00+00:00,-1e-06,300,False,T not bracketed by two usable Deribit slices,0
2026-09-21T07:00:43.240714+00:00,KXETHD-26SEP2117,ETH,daily,2026-09-21T21:00:00+00:00,0.001597,40,False,T not bracketed by two usable Deribit slices,10
2026-09-21T07:00:43.240714+00:00,KXETHD-26SEP2517,ETH,weekly,2026-09-25T21:00:00+00:00,0.012556,50,True,qualifies,20
2026-09-21T07:00:43.240714+00:00,KXETHD-26SEP2105,ETH,hourly,2026-09-21T09:00:00+00:00,0.000227,300,False,T not bracketed by two usable Deribit slices,0
2026-09-21T07:00:43.240714+00:00,KXETHD-26SEP2106,ETH,hourly,2026-09-21T10:00:00+00:00,0.000341,300,False,T not bracketed by two usable Deribit slices,0
2026-09-21T07:00:43.240714+00:00,KXETHD-26SEP2107,ETH,hourly,2026-09-21T11:00:00+00:00,0.000455,300,False,T not bracketed by two usable Deribit slices,0
2026-09-21T07:00:43.240714+00:00,KXETHD-26SEP2108,ETH,hourly,2026-09-21T12:00:00+00:00,0.000569,300,False,T not bracketed by two usable Deribit slices,0
2026-09-21T07:00:43.240714+00:00,KXETHD-26SEP2109,ETH,hourly,2026-09-21T13:00:00+00:00,0.000684,300,False,T not bracketed by two usable Deribit slices,0
2026-09-21T07:00:43.240714+00:00,KXETHD-26SEP2110,ETH,hourly,2026-09-21T14:00:00+00:00,0.000798,300,False,T not bracketed by two usable Deribit slices,0
2026-09-21T07:00:43.240714+00:00,KXETHD-26SEP2111,ETH,hourly,2026-09-21T15:00:00+00:00,0.000912,300,False,T not bracketed by two usable Deribit slices,0
2026-09-21T07:00:43.240714+00:00,KXETHD-26SEP2112,ETH,hourly,2026-09-21T16:00:00+00:00,0.001026,300,False,T not bracketed by two usable Deribit slices,0
2026-09-21T07:00:43.240714+00:00,KXETHD-26SEP2113,ETH,hourly,2026-09-21T17:00:00+00:00,0.00114,300,False,T not bracketed by two usable Deribit slices,0
2026-09-21T07:00:43.240714+00:00,KXETHD-26SEP2114,ETH,hourly,2026-09-21T18:00:00+00:00,0.001254,300,False,T not bracketed by two usable Deribit slices,0
2026-09-21T07:00:43.240714+00:00,KXETHD-26SEP2115,ETH,hourly,2026-09-21T19:00:00+00:00,0.001368,300,False,T not bracketed by two usable Deribit slices,0
2026-09-21T07:00:43.240714+00:00,KXETHD-26SEP2116,ETH,hourly,2026-09-21T20:00:00+00:00,0.001483,300,False,T not bracketed by two usable Deribit slices,0
2026-09-21T07:00:43.240714+00:00,KXETHD-26SEP2118,ETH,hourly,2026-09-21T22:00:00+00:00,0.001711,300,False,T not bracketed by two usable Deribit slices,0
2026-09-21T07:00:43.240714+00:00,KXETHD-26SEP2119,ETH,hourly,2026-09-21T23:00:00+00:00,0.001825,300,False,T not bracketed by two usable Deribit slices,0
2026-09-21T07:00:43.240714+00:00,KXETHD-26SEP2120,ETH,hourly,2026-09-22T00:00:00+00:00,0.001939,300,False,T not bracketed by two usable Deribit slices,0
2026-09-21T07:00:43.240714+00:00,KXETHD-26SEP2121,ETH,hourly,2026-09-22T01:00:00+00:00,0.002053,300,False,T not bracketed by two usable Deribit slices,0
2026-09-21T07:00:43.240714+00:00,KXETHD-26SEP2122,ETH,hourly,2026-09-22T02:00:00+00:00,0.002168,300,False,T not bracketed by two usable Deribit slices,0
2026-09-21T07:00:43.240714+00:00,KXETHD-26SEP2123,ETH,hourly,2026-09-22T03:00:00+00:00,0.002282,300,False,T not bracketed by two usable Deribit slices,0
2026-09-21T07:00:43.240714+00:00,KXETHD-26SEP2200,ETH,hourly,2026-09-22T04:00:00+00:00,0.002396,300,False,T not bracketed by two usable Deribit slices,0
2026-09-22T07:00:42.485647+00:00,KXBTCD-26SEP2203,BTC,hourly,2026-09-22T07:00:00+00:00,-1e-06,188,False,T not bracketed by two usable Deribit slices,0
2026-09-22T07:00:42.485647+00:00,KXBTCD-26SEP2217,BTC,daily,2026-09-22T21:00:00+00:00,0.001597,80,False,T not bracketed by two usable Deribit slices,39
2026-09-22T07:00:42.485647+00:00,KXBTCD-26SEP2517,BTC,weekly,2026-09-25T21:00:00+00:00,0.009816,50,True,qualifies,28
2026-09-22T07:00:42.485647+00:00,KXBTCD-26SEP2204,BTC,hourly,2026-09-22T08:00:00+00:00,0.000113,188,False,T not bracketed by two usable Deribit slices,13
2026-09-22T07:00:42.485647+00:00,KXBTCD-26SEP2205,BTC,hourly,2026-09-22T09:00:00+00:00,0.000227,188,False,T not bracketed by two usable Deribit slices,0
2026-09-22T07:00:42.485647+00:00,KXBTCD-26SEP2206,BTC,hourly,2026-09-22T10:00:00+00:00,0.000341,188,False,T not bracketed by two usable Deribit slices,0
2026-09-22T07:00:42.485647+00:00,KXBTCD-26SEP2207,BTC,hourly,2026-09-22T11:00:00+00:00,0.000455,188,False,T not bracketed by two usable Deribit slices,0
2026-09-22T07:00:42.485647+00:00,KXBTCD-26SEP2208,BTC,hourly,2026-09-22T12:00:00+00:00,0.000569,188,False,T not bracketed by two usable Deribit slices,0
2026-09-22T07:00:42.485647+00:00,KXBTCD-26SEP2209,BTC,hourly,2026-09-22T13:00:00+00:00,0.000684,188,False,T not bracketed by two usable Deribit slices,0
2026-09-22T07:00:42.485647+00:00,KXBTCD-26SEP2210,BTC,hourly,2026-09-22T14:00:00+00:00,0.000798,188,False,T not bracketed by two usable Deribit slices,0
2026-09-22T07:00:42.485647+00:00,KXBTCD-26SEP2211,BTC,hourly,2026-09-22T15:00:00+00:00,0.000912,188,False,T not bracketed by two usable Deribit slices,0
2026-09-22T07:00:42.485647+00:00,KXBTCD-26SEP2212,BTC,hourly,2026-09-22T16:00:00+00:00,0.001026,188,False,T not bracketed by two usable Deribit slices,0
2026-09-22T07:00:42.485647+00:00,KXBTCD-26SEP2213,BTC,hourly,2026-09-22T17:00:00+00:00,0.00114,188,False,T not bracketed by two usable Deribit slices,0
2026-09-22T07:00:42.485647+00:00,KXBTCD-26SEP2214,BTC,hourly,2026-09-22T18:00:00+00:00,0.001254,188,False,T not bracketed by two usable Deribit slices,0
2026-09-22T07:00:42.485647+00:00,KXBTCD-26SEP2215,BTC,hourly,2026-09-22T19:00:00+00:00,0.001369,188,False,T not bracketed by two usable Deribit slices,0
2026-09-22T07:00:42.485647+00:00,KXBTCD-26SEP2216,BTC,hourly,2026-09-22T20:00:00+00:00,0.001483,188,False,T not bracketed by two usable Deribit slices,0
2026-09-22T07:00:42.485647+00:00,KXBTCD-26SEP2218,BTC,hourly,2026-09-22T22:00:00+00:00,0.001711,188,False,T not bracketed by two usable Deribit slices,0
2026-09-22T07:00:42.485647+00:00,KXBTCD-26SEP2219,BTC,hourly,2026-09-22T23:00:00+00:00,0.001825,188,False,T not bracketed by two usable Deribit slices,0
2026-09-22T07:00:42.485647+00:00,KXBTCD-26SEP2220,BTC,hourly,2026-09-23T00:00:00+00:00,0.001939,188,False,T not bracketed by two usable Deribit slices,0
2026-09-22T07:00:42.485647+00:00,KXBTCD-26SEP2221,BTC,hourly,2026-09-23T01:00:00+00:00,0.002053,188,False,T not bracketed by two usable Deribit slices,0
2026-09-22T07:00:42.485647+00:00,KXBTCD-26SEP2222,BTC,hourly,2026-09-23T02:00:00+00:00,0.002168,188,False,T not bracketed by two usable Deribit slices,0
2026-09-22T07:00:42.485647+00:00,KXBTCD-26SEP2223,BTC,hourly,2026-09-23T03:00:00+00:00,0.002282,188,False,T not bracketed by two usable Deribit slices,0
2026-09-22T07:00:42.485647+00:00,KXBTCD-26SEP2300,BTC,hourly,2026-09-23T04:00:00+00:00,0.002396,188,False,T not bracketed by two usable Deribit slices,0
2026-09-22T07:00:42.485647+00:00,KXETHD-26SEP2203,ETH,hourly,2026-09-22T07:00:00+00:00,-1e-06,300,False,T not bracketed by two usable Deribit slices,0
2026-09-22T07:00:42.485647+00:00,KXETHD-26SEP2217,ETH,daily,2026-09-22T21:00:00+00:00,0.001597,40,False,T not bracketed by two usable Deribit slices,10
2026-09-22T07:00:42.485647+00:00,KXETHD-26SEP2517,ETH,weekly,2026-09-25T21:00:00+00:00,0.009816,50,False,only 17 two-sided strikes (need 20),17
2026-09-22T07:00:42.485647+00:00,KXETHD-26SEP2204,ETH,hourly,2026-09-22T08:00:00+00:00,0.000113,300,False,T not bracketed by two usable Deribit slices,8
2026-09-22T07:00:42.485647+00:00,KXETHD-26SEP2205,ETH,hourly,2026-09-22T09:00:00+00:00,0.000227,300,False,T not bracketed by two usable Deribit slices,0
2026-09-22T07:00:42.485647+00:00,KXETHD-26SEP2206,ETH,hourly,2026-09-22T10:00:00+00:00,0.000341,300,False,T not bracketed by two usable Deribit slices,0
2026-09-22T07:00:42.485647+00:00,KXETHD-26SEP2207,ETH,hourly,2026-09-22T11:00:00+00:00,0.000455,300,False,T not bracketed by two usable Deribit slices,0
2026-09-22T07:00:42.485647+00:00,KXETHD-26SEP2208,ETH,hourly,2026-09-22T12:00:00+00:00,0.000569,300,False,T not bracketed by two usable Deribit slices,0
2026-09-22T07:00:42.485647+00:00,KXETHD-26SEP2209,ETH,hourly,2026-09-22T13:00:00+00:00,0.000684,300,False,T not bracketed by two usable Deribit slices,0
2026-09-22T07:00:42.485647+00:00,KXETHD-26SEP2210,ETH,hourly,2026-09-22T14:00:00+00:00,0.000798,300,False,T not bracketed by two usable Deribit slices,0
2026-09-22T07:00:42.485647+00:00,KXETHD-26SEP2211,ETH,hourly,2026-09-22T15:00:00+00:00,0.000912,300,False,T not bracketed by two usable Deribit slices,0
2026-09-22T07:00:42.485647+00:00,KXETHD-26SEP2212,ETH,hourly,2026-09-22T16:00:00+00:00,0.001026,300,False,T not bracketed by two usable Deribit slices,0
2026-09-22T07:00:42.485647+00:00,KXETHD-26SEP2213,ETH,hourly,2026-09-22T17:00:00+00:00,0.00114,300,False,T not bracketed by two usable Deribit slices,0
2026-09-22T07:00:42.485647+00:00,KXETHD-26SEP2214,ETH,hourly,2026-09-22T18:00:00+00:00,0.001254,300,False,T not bracketed by two usable Deribit slices,0
2026-09-22T07:00:42.485647+00:00,KXETHD-26SEP2215,ETH,hourly,2026-09-22T19:00:00+00:00,0.001369,300,False,T not bracketed by two usable Deribit slices,0
2026-09-22T07:00:42.485647+00:00,KXETHD-26SEP2216,ETH,hourly,2026-09-22T20:00:00+00:00,0.001483,300,False,T not bracketed by two usable Deribit slices,0
2026-09-22T07:00:42.485647+00:00,KXETHD-26SEP2218,ETH,hourly,2026-09-22T22:00:00+00:00,0.001711,300,False,T not bracketed by two usable Deribit slices,0
2026-09-22T07:00:42.485647+00:00,KXETHD-26SEP2219,ETH,hourly,2026-09-22T23:00:00+00:00,0.001825,300,False,T not bracketed by two usable Deribit slices,0
2026-09-22T07:00:42.485647+00:00,KXETHD-26SEP2220,ETH,hourly,2026-09-23T00:00:00+00:00,0.001939,300,False,T not bracketed by two usable Deribit slices,0
2026-09-22T07:00:42.485647+00:00,KXETHD-26SEP2221,ETH,hourly,2026-09-23T01:00:00+00:00,0.002053,300,False,T not bracketed by two usable Deribit slices,0
2026-09-22T07:00:42.485647+00:00,KXETHD-26SEP2222,ETH,hourly,2026-09-23T02:00:00+00:00,0.002168,300,False,T not bracketed by two usable Deribit slices,0
2026-09-22T07:00:42.485647+00:00,KXETHD-26SEP2223,ETH,hourly,2026-09-23T03:00:00+00:00,0.002282,300,False,T not bracketed by two usable Deribit slices,0
2026-09-22T07:00:42.485647+00:00,KXETHD-26SEP2300,ETH,hourly,2026-09-23T04:00:00+00:00,0.002396,300,False,T not bracketed by two usable Deribit slices,0
2026-09-23T07:01:11.565882+00:00,KXBTCD-26SEP2303,BTC,hourly,2026-09-23T07:00:00+00:00,-2e-06,188,False,T not bracketed by two usable Deribit slices,0
2026-09-23T07:01:11.565882+00:00,KXBTCD-26SEP2317,BTC,daily,2026-09-23T21:00:00+00:00,0.001596,80,False,T not bracketed by two usable Deribit slices,40
2026-09-23T07:01:11.565882+00:00,KXBTCD-26SEP2517,BTC,weekly,2026-09-25T21:00:00+00:00,0.007075,50,True,qualifies,31
2026-09-23T07:01:11.565882+00:00,KXBTCD-26SEP2304,BTC,hourly,2026-09-23T08:00:00+00:00,0.000112,188,False,T not bracketed by two usable Deribit slices,13
2026-09-23T07:01:11.565882+00:00,KXBTCD-26SEP2305,BTC,hourly,2026-09-23T09:00:00+00:00,0.000226,188,False,T not bracketed by two usable Deribit slices,0
2026-09-23T07:01:11.565882+00:00,KXBTCD-26SEP2306,BTC,hourly,2026-09-23T10:00:00+00:00,0.00034,188,False,T not bracketed by two usable Deribit slices,0
2026-09-23T07:01:11.565882+00:00,KXBTCD-26SEP2307,BTC,hourly,2026-09-23T11:00:00+00:00,0.000454,188,False,T not bracketed by two usable Deribit slices,0
2026-09-23T07:01:11.565882+00:00,KXBTCD-26SEP2308,BTC,hourly,2026-09-23T12:00:00+00:00,0.000569,188,False,T not bracketed by two usable Deribit slices,0
2026-09-23T07:01:11.565882+00:00,KXBTCD-26SEP2309,BTC,hourly,2026-09-23T13:00:00+00:00,0.000683,188,False,T not bracketed by two usable Deribit slices,0
2026-09-23T07:01:11.565882+00:00,KXBTCD-26SEP2310,BTC,hourly,2026-09-23T14:00:00+00:00,0.000797,188,False,T not bracketed by two usable Deribit slices,0
2026-09-23T07:01:11.565882+00:00,KXBTCD-26SEP2311,BTC,hourly,2026-09-23T15:00:00+00:00,0.000911,188,False,T not bracketed by two usable Deribit slices,0
2026-09-23T07:01:11.565882+00:00,KXBTCD-26SEP2312,BTC,hourly,2026-09-23T16:00:00+00:00,0.001025,188,False,T not bracketed by two usable Deribit slices,0
2026-09-23T07:01:11.565882+00:00,KXBTCD-26SEP2313,BTC,hourly,2026-09-23T17:00:00+00:00,0.001139,188,False,T not bracketed by two usable Deribit slices,0
2026-09-23T07:01:11.565882+00:00,KXBTCD-26SEP2314,BTC,hourly,2026-09-23T18:00:00+00:00,0.001253,188,False,T not bracketed by two usable Deribit slices,0
2026-09-23T07:01:11.565882+00:00,KXBTCD-26SEP2315,BTC,hourly,2026-09-23T19:00:00+00:00,0.001368,188,False,T not bracketed by two usable Deribit slices,0
2026-09-23T07:01:11.565882+00:00,KXBTCD-26SEP2316,BTC,hourly,2026-09-23T20:00:00+00:00,0.001482,188,False,T not bracketed by two usable Deribit slices,0
2026-09-23T07:01:11.565882+00:00,KXBTCD-26SEP2318,BTC,hourly,2026-09-23T22:00:00+00:00,0.00171,188,False,T not bracketed by two usable Deribit slices,0
2026-09-23T07:01:11.565882+00:00,KXBTCD-26SEP2319,BTC,hourly,2026-09-23T23:00:00+00:00,0.001824,188,False,T not bracketed by two usable Deribit slices,0
2026-09-23T07:01:11.565882+00:00,KXBTCD-26SEP2320,BTC,hourly,2026-09-24T00:00:00+00:00,0.001938,188,False,T not bracketed by two usable Deribit slices,0
2026-09-23T07:01:11.565882+00:00,KXBTCD-26SEP2321,BTC,hourly,2026-09-24T01:00:00+00:00,0.002053,188,False,T not bracketed by two usable Deribit slices,0
2026-09-23T07:01:11.565882+00:00,KXBTCD-26SEP2322,BTC,hourly,2026-09-24T02:00:00+00:00,0.002167,188,False,T not bracketed by two usable Deribit slices,0
2026-09-23T07:01:11.565882+00:00,KXBTCD-26SEP2323,BTC,hourly,2026-09-24T03:00:00+00:00,0.002281,188,False,T not bracketed by two usable Deribit slices,0
2026-09-23T07:01:11.565882+00:00,KXBTCD-26SEP2400,BTC,hourly,2026-09-24T04:00:00+00:00,0.002395,188,False,T not bracketed by two usable Deribit slices,0
2026-09-23T07:01:11.565882+00:00,KXETHD-26SEP2304,ETH,hourly,2026-09-23T08:00:00+00:00,0.000112,300,False,T not bracketed by two usable Deribit slices,11
2026-09-23T07:01:11.565882+00:00,KXETHD-26SEP2317,ETH,daily,2026-09-23T21:00:00+00:00,0.001596,40,False,T not bracketed by two usable Deribit slices,7
2026-09-23T07:01:11.565882+00:00,KXETHD-26SEP2517,ETH,weekly,2026-09-25T21:00:00+00:00,0.007075,50,False,only 16 two-sided strikes (need 20),16
2026-09-23T07:01:11.565882+00:00,KXETHD-26SEP2305,ETH,hourly,2026-09-23T09:00:00+00:00,0.000226,300,False,T not bracketed by two usable Deribit slices,0
2026-09-23T07:01:11.565882+00:00,KXETHD-26SEP2306,ETH,hourly,2026-09-23T10:00:00+00:00,0.00034,300,False,T not bracketed by two usable Deribit slices,0
2026-09-23T07:01:11.565882+00:00,KXETHD-26SEP2307,ETH,hourly,2026-09-23T11:00:00+00:00,0.000454,300,False,T not bracketed by two usable Deribit slices,0
2026-09-23T07:01:11.565882+00:00,KXETHD-26SEP2308,ETH,hourly,2026-09-23T12:00:00+00:00,0.000569,300,False,T not bracketed by two usable Deribit slices,0
2026-09-23T07:01:11.565882+00:00,KXETHD-26SEP2309,ETH,hourly,2026-09-23T13:00:00+00:00,0.000683,300,False,T not bracketed by two usable Deribit slices,0
2026-09-23T07:01:11.565882+00:00,KXETHD-26SEP2310,ETH,hourly,2026-09-23T14:00:00+00:00,0.000797,300,False,T not bracketed by two usable Deribit slices,0
2026-09-23T07:01:11.565882+00:00,KXETHD-26SEP2311,ETH,hourly,2026-09-23T15:00:00+00:00,0.000911,300,False,T not bracketed by two usable Deribit slices,0
2026-09-23T07:01:11.565882+00:00,KXETHD-26SEP2312,ETH,hourly,2026-09-23T16:00:00+00:00,0.001025,300,False,T not bracketed by two usable Deribit slices,0
2026-09-23T07:01:11.565882+00:00,KXETHD-26SEP2313,ETH,hourly,2026-09-23T17:00:00+00:00,0.001139,300,False,T not bracketed by two usable Deribit slices,0
2026-09-23T07:01:11.565882+00:00,KXETHD-26SEP2314,ETH,hourly,2026-09-23T18:00:00+00:00,0.001253,300,False,T not bracketed by two usable Deribit slices,0
2026-09-23T07:01:11.565882+00:00,KXETHD-26SEP2315,ETH,hourly,2026-09-23T19:00:00+00:00,0.001368,300,False,T not bracketed by two usable Deribit slices,0
2026-09-23T07:01:11.565882+00:00,KXETHD-26SEP2316,ETH,hourly,2026-09-23T20:00:00+00:00,0.001482,300,False,T not bracketed by two usable Deribit slices,0
2026-09-23T07:01:11.565882+00:00,KXETHD-26SEP2318,ETH,hourly,2026-09-23T22:00:00+00:00,0.00171,300,False,T not bracketed by two usable Deribit slices,0
2026-09-23T07:01:11.565882+00:00,KXETHD-26SEP2319,ETH,hourly,2026-09-23T23:00:00+00:00,0.001824,300,False,T not bracketed by two usable Deribit slices,0
2026-09-23T07:01:11.565882+00:00,KXETHD-26SEP2320,ETH,hourly,2026-09-24T00:00:00+00:00,0.001938,300,False,T not bracketed by two usable Deribit slices,0
2026-09-23T07:01:11.565882+00:00,KXETHD-26SEP2321,ETH,hourly,2026-09-24T01:00:00+00:00,0.002053,300,False,T not bracketed by two usable Deribit slices,0
2026-09-23T07:01:11.565882+00:00,KXETHD-26SEP2322,ETH,hourly,2026-09-24T02:00:00+00:00,0.002167,300,False,T not bracketed by two usable Deribit slices,0
2026-09-23T07:01:11.565882+00:00,KXETHD-26SEP2323,ETH,hourly,2026-09-24T03:00:00+00:00,0.002281,300,False,T not bracketed by two usable Deribit slices,0
2026-09-23T07:01:11.565882+00:00,KXETHD-26SEP2400,ETH,hourly,2026-09-24T04:00:00+00:00,0.002395,300,False,T not bracketed by two usable Deribit slices,0
2026-09-24T07:01:14.676452+00:00,KXBTCD-26SEP2417,BTC,daily,2026-09-24T21:00:00+00:00,0.001596,80,False,T not bracketed by two usable Deribit slices,31
2026-09-24T07:01:14.676452+00:00,KXBTCD-26SEP2517,BTC,weekly,2026-09-25T21:00:00+00:00,0.004336,50,False,T not bracketed by two usable Deribit slices,19
2026-09-24T07:01:14.676452+00:00,KXBTCD-26SEP2406,BTC,hourly,2026-09-24T10:00:00+00:00,0.00034,188,False,T not bracketed by two usable Deribit slices,0
2026-09-24T07:01:14.676452+00:00,KXBTCD-26SEP2407,BTC,hourly,2026-09-24T11:00:00+00:00,0.000454,188,False,T not bracketed by two usable Deribit slices,0
2026-09-24T07:01:14.676452+00:00,KXBTCD-26SEP2408,BTC,hourly,2026-09-24T12:00:00+00:00,0.000568,188,False,T not bracketed by two usable Deribit slices,0
2026-09-24T07:01:14.676452+00:00,KXBTCD-26SEP2409,BTC,hourly,2026-09-24T13:00:00+00:00,0.000683,188,False,T not bracketed by two usable Deribit slices,0
2026-09-24T07:01:14.676452+00:00,KXBTCD-26SEP2410,BTC,hourly,2026-09-24T14:00:00+00:00,0.000797,188,False,T not bracketed by two usable Deribit slices,0
2026-09-24T07:01:14.676452+00:00,KXBTCD-26SEP2411,BTC,hourly,2026-09-24T15:00:00+00:00,0.000911,188,False,T not bracketed by two usable Deribit slices,0
2026-09-24T07:01:14.676452+00:00,KXBTCD-26SEP2412,BTC,hourly,2026-09-24T16:00:00+00:00,0.001025,188,False,T not bracketed by two usable Deribit slices,0
2026-09-24T07:01:14.676452+00:00,KXBTCD-26SEP2413,BTC,hourly,2026-09-24T17:00:00+00:00,0.001139,188,False,T not bracketed by two usable Deribit slices,0
2026-09-24T07:01:14.676452+00:00,KXBTCD-26SEP2414,BTC,hourly,2026-09-24T18:00:00+00:00,0.001253,188,False,T not bracketed by two usable Deribit slices,0
2026-09-24T07:01:14.676452+00:00,KXBTCD-26SEP2415,BTC,hourly,2026-09-24T19:00:00+00:00,0.001367,188,False,T not bracketed by two usable Deribit slices,0
2026-09-24T07:01:14.676452+00:00,KXBTCD-26SEP2416,BTC,hourly,2026-09-24T20:00:00+00:00,0.001482,188,False,T not bracketed by two usable Deribit slices,0
2026-09-24T07:01:14.676452+00:00,KXBTCD-26SEP2418,BTC,hourly,2026-09-24T22:00:00+00:00,0.00171,188,False,T not bracketed by two usable Deribit slices,0
2026-09-24T07:01:14.676452+00:00,KXBTCD-26SEP2419,BTC,hourly,2026-09-24T23:00:00+00:00,0.001824,188,False,T not bracketed by two usable Deribit slices,0
2026-09-24T07:01:14.676452+00:00,KXBTCD-26SEP2420,BTC,hourly,2026-09-25T00:00:00+00:00,0.001938,188,False,T not bracketed by two usable Deribit slices,0
2026-09-24T07:01:14.676452+00:00,KXBTCD-26SEP2421,BTC,hourly,2026-09-25T01:00:00+00:00,0.002052,188,False,T not bracketed by two usable Deribit slices,0
2026-09-24T07:01:14.676452+00:00,KXBTCD-26SEP2422,BTC,hourly,2026-09-25T02:00:00+00:00,0.002167,188,False,T not bracketed by two usable Deribit slices,0
2026-09-24T07:01:14.676452+00:00,KXBTCD-26SEP2423,BTC,hourly,2026-09-25T03:00:00+00:00,0.002281,188,False,T not bracketed by two usable Deribit slices,0
2026-09-24T07:01:14.676452+00:00,KXBTCD-26SEP2500,BTC,hourly,2026-09-25T04:00:00+00:00,0.002395,188,False,T not bracketed by two usable Deribit slices,0
2026-09-24T07:01:14.676452+00:00,KXETHD-26SEP2417,ETH,daily,2026-09-24T21:00:00+00:00,0.001596,40,False,T not bracketed by two usable Deribit slices,4
2026-09-24T07:01:14.676452+00:00,KXETHD-26SEP2517,ETH,weekly,2026-09-25T21:00:00+00:00,0.004336,50,False,T not bracketed by two usable Deribit slices,5
2026-09-24T07:01:14.676452+00:00,KXETHD-26SEP2406,ETH,hourly,2026-09-24T10:00:00+00:00,0.00034,300,False,T not bracketed by two usable Deribit slices,0
2026-09-24T07:01:14.676452+00:00,KXETHD-26SEP2407,ETH,hourly,2026-09-24T11:00:00+00:00,0.000454,300,False,T not bracketed by two usable Deribit slices,0
2026-09-24T07:01:14.676452+00:00,KXETHD-26SEP2408,ETH,hourly,2026-09-24T12:00:00+00:00,0.000568,300,False,T not bracketed by two usable Deribit slices,0
2026-09-24T07:01:14.676452+00:00,KXETHD-26SEP2409,ETH,hourly,2026-09-24T13:00:00+00:00,0.000683,300,False,T not bracketed by two usable Deribit slices,0
2026-09-24T07:01:14.676452+00:00,KXETHD-26SEP2410,ETH,hourly,2026-09-24T14:00:00+00:00,0.000797,300,False,T not bracketed by two usable Deribit slices,0
2026-09-24T07:01:14.676452+00:00,KXETHD-26SEP2411,ETH,hourly,2026-09-24T15:00:00+00:00,0.000911,300,False,T not bracketed by two usable Deribit slices,0
2026-09-24T07:01:14.676452+00:00,KXETHD-26SEP2412,ETH,hourly,2026-09-24T16:00:00+00:00,0.001025,300,False,T not bracketed by two usable Deribit slices,0
2026-09-24T07:01:14.676452+00:00,KXETHD-26SEP2413,ETH,hourly,2026-09-24T17:00:00+00:00,0.001139,300,False,T not bracketed by two usable Deribit slices,0
2026-09-24T07:01:14.676452+00:00,KXETHD-26SEP2414,ETH,hourly,2026-09-24T18:00:00+00:00,0.001253,300,False,T not bracketed by two usable Deribit slices,0
2026-09-24T07:01:14.676452+00:00,KXETHD-26SEP2415,ETH,hourly,2026-09-24T19:00:00+00:00,0.001367,300,False,T not bracketed by two usable Deribit slices,0
2026-09-24T07:01:14.676452+00:00,KXETHD-26SEP2416,ETH,hourly,2026-09-24T20:00:00+00:00,0.001482,300,False,T not bracketed by two usable Deribit slices,0
2026-09-24T07:01:14.676452+00:00,KXETHD-26SEP2418,ETH,hourly,2026-09-24T22:00:00+00:00,0.00171,300,False,T not bracketed by two usable Deribit slices,0
2026-09-24T07:01:14.676452+00:00,KXETHD-26SEP2419,ETH,hourly,2026-09-24T23:00:00+00:00,0.001824,300,False,T not bracketed by two usable Deribit slices,0
2026-09-24T07:01:14.676452+00:00,KXETHD-26SEP2420,ETH,hourly,2026-09-25T00:00:00+00:00,0.001938,300,False,T not bracketed by two usable Deribit slices,0
2026-09-24T07:01:14.676452+00:00,KXETHD-26SEP2421,ETH,hourly,2026-09-25T01:00:00+00:00,0.002052,300,False,T not bracketed by two usable Deribit slices,0
2026-09-24T07:01:14.676452+00:00,KXETHD-26SEP2422,ETH,hourly,2026-09-25T02:00:00+00:00,0.002167,300,False,T not bracketed by two usable Deribit slices,0
2026-09-24T07:01:14.676452+00:00,KXETHD-26SEP2423,ETH,hourly,2026-09-25T03:00:00+00:00,0.002281,300,False,T not bracketed by two usable Deribit slices,0
2026-09-24T07:01:14.676452+00:00,KXETHD-26SEP2500,ETH,hourly,2026-09-25T04:00:00+00:00,0.002395,300,False,T not bracketed by two usable Deribit slices,0
2026-09-25T07:01:13.060318+00:00,KXBTCD-26SEP2504,BTC,hourly,2026-09-25T08:00:00+00:00,0.000112,188,False,T not bracketed by two usable Deribit slices,12
2026-09-25T07:01:13.060318+00:00,KXBTCD-26SEP2517,BTC,weekly,2026-09-25T21:00:00+00:00,0.001596,50,False,T not bracketed by two usable Deribit slices,20
2026-09-25T07:01:13.060318+00:00,KXBTCD-26SEP2505,BTC,hourly,2026-09-25T09:00:00+00:00,0.000226,188,False,T not bracketed by two usable Deribit slices,0
2026-09-25T07:01:13.060318+00:00,KXBTCD-26SEP2506,BTC,hourly,2026-09-25T10:00:00+00:00,0.00034,188,False,T not bracketed by two usable Deribit slices,0
2026-09-25T07:01:13.060318+00:00,KXBTCD-26SEP2507,BTC,hourly,2026-09-25T11:00:00+00:00,0.000454,188,False,T not bracketed by two usable Deribit slices,0
2026-09-25T07:01:13.060318+00:00,KXBTCD-26SEP2508,BTC,hourly,2026-09-25T12:00:00+00:00,0.000568,188,False,T not bracketed by two usable Deribit slices,0
2026-09-25T07:01:13.060318+00:00,KXBTCD-26SEP2509,BTC,hourly,2026-09-25T13:00:00+00:00,0.000683,188,False,T not bracketed by two usable Deribit slices,0
2026-09-25T07:01:13.060318+00:00,KXBTCD-26SEP2510,BTC,hourly,2026-09-25T14:00:00+00:00,0.000797,188,False,T not bracketed by two usable Deribit slices,0
2026-09-25T07:01:13.060318+00:00,KXBTCD-26SEP2511,BTC,hourly,2026-09-25T15:00:00+00:00,0.000911,188,False,T not bracketed by two usable Deribit slices,0
2026-09-25T07:01:13.060318+00:00,KXBTCD-26SEP2512,BTC,hourly,2026-09-25T16:00:00+00:00,0.001025,188,False,T not bracketed by two usable Deribit slices,0
2026-09-25T07:01:13.060318+00:00,KXBTCD-26SEP2513,BTC,hourly,2026-09-25T17:00:00+00:00,0.001139,188,False,T not bracketed by two usable Deribit slices,0
2026-09-25T07:01:13.060318+00:00,KXBTCD-26SEP2514,BTC,hourly,2026-09-25T18:00:00+00:00,0.001253,188,False,T not bracketed by two usable Deribit slices,0
2026-09-25T07:01:13.060318+00:00,KXBTCD-26SEP2515,BTC,hourly,2026-09-25T19:00:00+00:00,0.001368,188,False,T not bracketed by two usable Deribit slices,0
2026-09-25T07:01:13.060318+00:00,KXBTCD-26SEP2516,BTC,hourly,2026-09-25T20:00:00+00:00,0.001482,188,False,T not bracketed by two usable Deribit slices,0
2026-09-25T07:01:13.060318+00:00,KXBTCD-26SEP2518,BTC,hourly,2026-09-25T22:00:00+00:00,0.00171,188,False,T not bracketed by two usable Deribit slices,0
2026-09-25T07:01:13.060318+00:00,KXBTCD-26SEP2519,BTC,hourly,2026-09-25T23:00:00+00:00,0.001824,188,False,T not bracketed by two usable Deribit slices,0
2026-09-25T07:01:13.060318+00:00,KXBTCD-26SEP2520,BTC,hourly,2026-09-26T00:00:00+00:00,0.001938,188,False,T not bracketed by two usable Deribit slices,0
2026-09-25T07:01:13.060318+00:00,KXBTCD-26SEP2521,BTC,hourly,2026-09-26T01:00:00+00:00,0.002052,188,False,T not bracketed by two usable Deribit slices,0
2026-09-25T07:01:13.060318+00:00,KXBTCD-26SEP2522,BTC,hourly,2026-09-26T02:00:00+00:00,0.002167,188,False,T not bracketed by two usable Deribit slices,0
2026-09-25T07:01:13.060318+00:00,KXBTCD-26SEP2523,BTC,hourly,2026-09-26T03:00:00+00:00,0.002281,188,False,T not bracketed by two usable Deribit slices,0
2026-09-25T07:01:13.060318+00:00,KXBTCD-26SEP2600,BTC,hourly,2026-09-26T04:00:00+00:00,0.002395,188,False,T not bracketed by two usable Deribit slices,0
2026-09-25T07:01:13.060318+00:00,KXETHD-26SEP2504,ETH,hourly,2026-09-25T08:00:00+00:00,0.000112,300,False,T not bracketed by two usable Deribit slices,8
2026-09-25T07:01:13.060318+00:00,KXETHD-26SEP2517,ETH,weekly,2026-09-25T21:00:00+00:00,0.001596,50,False,T not bracketed by two usable Deribit slices,7
2026-09-25T07:01:13.060318+00:00,KXETHD-26SEP2505,ETH,hourly,2026-09-25T09:00:00+00:00,0.000226,300,False,T not bracketed by two usable Deribit slices,0
2026-09-25T07:01:13.060318+00:00,KXETHD-26SEP2506,ETH,hourly,2026-09-25T10:00:00+00:00,0.00034,300,False,T not bracketed by two usable Deribit slices,0
2026-09-25T07:01:13.060318+00:00,KXETHD-26SEP2507,ETH,hourly,2026-09-25T11:00:00+00:00,0.000454,300,False,T not bracketed by two usable Deribit slices,0
2026-09-25T07:01:13.060318+00:00,KXETHD-26SEP2508,ETH,hourly,2026-09-25T12:00:00+00:00,0.000568,300,False,T not bracketed by two usable Deribit slices,0
2026-09-25T07:01:13.060318+00:00,KXETHD-26SEP2509,ETH,hourly,2026-09-25T13:00:00+00:00,0.000683,300,False,T not bracketed by two usable Deribit slices,0
2026-09-25T07:01:13.060318+00:00,KXETHD-26SEP2510,ETH,hourly,2026-09-25T14:00:00+00:00,0.000797,300,False,T not bracketed by two usable Deribit slices,0
2026-09-25T07:01:13.060318+00:00,KXETHD-26SEP2511,ETH,hourly,2026-09-25T15:00:00+00:00,0.000911,300,False,T not bracketed by two usable Deribit slices,0
2026-09-25T07:01:13.060318+00:00,KXETHD-26SEP2512,ETH,hourly,2026-09-25T16:00:00+00:00,0.001025,300,False,T not bracketed by two usable Deribit slices,0
2026-09-25T07:01:13.060318+00:00,KXETHD-26SEP2513,ETH,hourly,2026-09-25T17:00:00+00:00,0.001139,300,False,T not bracketed by two usable Deribit slices,0
2026-09-25T07:01:13.060318+00:00,KXETHD-26SEP2514,ETH,hourly,2026-09-25T18:00:00+00:00,0.001253,300,False,T not bracketed by two usable Deribit slices,0
2026-09-25T07:01:13.060318+00:00,KXETHD-26SEP2515,ETH,hourly,2026-09-25T19:00:00+00:00,0.001368,300,False,T not bracketed by two usable Deribit slices,0
2026-09-25T07:01:13.060318+00:00,KXETHD-26SEP2516,ETH,hourly,2026-09-25T20:00:00+00:00,0.001482,300,False,T not bracketed by two usable Deribit slices,0
2026-09-25T07:01:13.060318+00:00,KXETHD-26SEP2518,ETH,hourly,2026-09-25T22:00:00+00:00,0.00171,300,False,T not bracketed by two usable Deribit slices,0
2026-09-25T07:01:13.060318+00:00,KXETHD-26SEP2519,ETH,hourly,2026-09-25T23:00:00+00:00,0.001824,300,False,T not bracketed by two usable Deribit slices,0
2026-09-25T07:01:13.060318+00:00,KXETHD-26SEP2520,ETH,hourly,2026-09-26T00:00:00+00:00,0.001938,300,False,T not bracketed by two usable Deribit slices,0
2026-09-25T07:01:13.060318+00:00,KXETHD-26SEP2521,ETH,hourly,2026-09-26T01:00:00+00:00,0.002052,300,False,T not bracketed by two usable Deribit slices,0
2026-09-25T07:01:13.060318+00:00,KXETHD-26SEP2522,ETH,hourly,2026-09-26T02:00:00+00:00,0.002167,300,False,T not bracketed by two usable Deribit slices,0
2026-09-25T07:01:13.060318+00:00,KXETHD-26SEP2523,ETH,hourly,2026-09-26T03:00:00+00:00,0.002281,300,False,T not bracketed by two usable Deribit slices,0
2026-09-25T07:01:13.060318+00:00,KXETHD-26SEP2600,ETH,hourly,2026-09-26T04:00:00+00:00,0.002395,300,False,T not bracketed by two usable Deribit slices,0
2026-10-02T16:48:12.565740+00:00,KXBTCD-26OCT0213,BTC,hourly,2026-10-02T17:00:00+00:00,2.2e-05,188,False,T not bracketed by two usable Deribit slices,8
2026-10-02T16:48:12.565740+00:00,KXBTCD-26OCT0217,BTC,weekly,2026-10-02T21:00:00+00:00,0.000479,50,False,T not bracketed by two usable Deribit slices,12
2026-10-02T16:48:12.565740+00:00,KXBTCD-26OCT0214,BTC,hourly,2026-10-02T18:00:00+00:00,0.000137,188,False,T not bracketed by two usable Deribit slices,0
2026-10-02T16:48:12.565740+00:00,KXBTCD-26OCT0215,BTC,hourly,2026-10-02T19:00:00+00:00,0.000251,188,False,T not bracketed by two usable Deribit slices,0
2026-10-02T16:48:12.565740+00:00,KXBTCD-26OCT0216,BTC,hourly,2026-10-02T20:00:00+00:00,0.000365,188,False,T not bracketed by two usable Deribit slices,0
2026-10-02T16:48:12.565740+00:00,KXBTCD-26OCT0218,BTC,hourly,2026-10-02T22:00:00+00:00,0.000593,188,False,T not bracketed by two usable Deribit slices,0
2026-10-02T16:48:12.565740+00:00,KXBTCD-26OCT0219,BTC,hourly,2026-10-02T23:00:00+00:00,0.000707,188,False,T not bracketed by two usable Deribit slices,0
2026-10-02T16:48:12.565740+00:00,KXBTCD-26OCT0220,BTC,hourly,2026-10-03T00:00:00+00:00,0.000822,188,False,T not bracketed by two usable Deribit slices,0
2026-10-02T16:48:12.565740+00:00,KXBTCD-26OCT0221,BTC,hourly,2026-10-03T01:00:00+00:00,0.000936,188,False,T not bracketed by two usable Deribit slices,0
2026-10-02T16:48:12.565740+00:00,KXBTCD-26OCT0222,BTC,hourly,2026-10-03T02:00:00+00:00,0.00105,188,False,T not bracketed by two usable Deribit slices,0
2026-10-02T16:48:12.565740+00:00,KXBTCD-26OCT0223,BTC,hourly,2026-10-03T03:00:00+00:00,0.001164,188,False,T not bracketed by two usable Deribit slices,0
2026-10-02T16:48:12.565740+00:00,KXBTCD-26OCT0300,BTC,hourly,2026-10-03T04:00:00+00:00,0.001278,188,False,T not bracketed by two usable Deribit slices,0
2026-10-02T16:48:12.565740+00:00,KXBTCD-26OCT0301,BTC,hourly,2026-10-03T05:00:00+00:00,0.001392,188,False,T not bracketed by two usable Deribit slices,0
2026-10-02T16:48:12.565740+00:00,KXBTCD-26OCT0302,BTC,hourly,2026-10-03T06:00:00+00:00,0.001506,188,False,T not bracketed by two usable Deribit slices,0
2026-10-02T16:48:12.565740+00:00,KXBTCD-26OCT0303,BTC,hourly,2026-10-03T07:00:00+00:00,0.001621,188,False,T not bracketed by two usable Deribit slices,0
2026-10-02T16:48:12.565740+00:00,KXBTCD-26OCT0304,BTC,hourly,2026-10-03T08:00:00+00:00,0.001735,188,False,T not bracketed by two usable Deribit slices,0
2026-10-02T16:48:12.565740+00:00,KXBTCD-26OCT0305,BTC,hourly,2026-10-03T09:00:00+00:00,0.001849,188,False,T not bracketed by two usable Deribit slices,0
2026-10-02T16:48:12.565740+00:00,KXBTCD-26OCT0306,BTC,hourly,2026-10-03T10:00:00+00:00,0.001963,188,False,T not bracketed by two usable Deribit slices,0
2026-10-02T16:48:12.565740+00:00,KXBTCD-26OCT0307,BTC,hourly,2026-10-03T11:00:00+00:00,0.002077,188,False,T not bracketed by two usable Deribit slices,0
2026-10-02T16:48:12.565740+00:00,KXBTCD-26OCT0308,BTC,hourly,2026-10-03T12:00:00+00:00,0.002191,188,False,T not bracketed by two usable Deribit slices,0
2026-10-02T16:48:12.565740+00:00,KXBTCD-26OCT0309,BTC,hourly,2026-10-03T13:00:00+00:00,0.002306,188,False,T not bracketed by two usable Deribit slices,0
2026-10-02T16:48:12.565740+00:00,KXBTCD-26OCT0310,BTC,hourly,2026-10-03T14:00:00+00:00,0.00242,188,False,T not bracketed by two usable Deribit slices,0
2026-10-02T16:48:12.565740+00:00,KXBTCD-26OCT0311,BTC,hourly,2026-10-03T15:00:00+00:00,0.002534,188,False,T not bracketed by two usable Deribit slices,0
2026-10-02T16:48:12.565740+00:00,KXBTCD-26OCT0312,BTC,hourly,2026-10-03T16:00:00+00:00,0.002648,188,False,T not bracketed by two usable Deribit slices,0
2026-10-02T16:48:12.565740+00:00,KXBTCD-26OCT0313,BTC,hourly,2026-10-03T17:00:00+00:00,0.002762,188,False,T not bracketed by two usable Deribit slices,0
2026-10-02T16:48:12.565740+00:00,KXBTCD-26OCT0314,BTC,hourly,2026-10-03T18:00:00+00:00,0.002876,188,False,T not bracketed by two usable Deribit slices,0
2026-10-02T16:48:12.565740+00:00,KXBTCD-26OCT0315,BTC,hourly,2026-10-03T19:00:00+00:00,0.00299,188,False,T not bracketed by two usable Deribit slices,0
2026-10-02T16:48:12.565740+00:00,KXBTCD-26OCT0316,BTC,hourly,2026-10-03T20:00:00+00:00,0.003105,188,False,T not bracketed by two usable Deribit slices,0
2026-10-02T16:48:12.565740+00:00,KXBTCD-26OCT0317,BTC,daily,2026-10-03T21:00:00+00:00,0.003219,80,False,T not bracketed by two usable Deribit slices,0
2026-10-02T16:48:12.565740+00:00,KXBTCD-26OCT0318,BTC,hourly,2026-10-03T22:00:00+00:00,0.003333,188,False,T not bracketed by two usable Deribit slices,0
2026-10-02T16:48:12.565740+00:00,KXBTCD-26OCT0319,BTC,hourly,2026-10-03T23:00:00+00:00,0.003447,188,False,T not bracketed by two usable Deribit slices,0
2026-10-02T16:48:12.565740+00:00,KXBTCD-26OCT0320,BTC,hourly,2026-10-04T00:00:00+00:00,0.003561,188,False,T not bracketed by two usable Deribit slices,0
2026-10-02T16:48:12.565740+00:00,KXBTCD-26OCT0321,BTC,hourly,2026-10-04T01:00:00+00:00,0.003675,188,False,T not bracketed by two usable Deribit slices,0
2026-10-02T16:48:12.565740+00:00,KXBTCD-26OCT0322,BTC,hourly,2026-10-04T02:00:00+00:00,0.00379,188,False,T not bracketed by two usable Deribit slices,0
2026-10-02T16:48:12.565740+00:00,KXBTCD-26OCT0323,BTC,hourly,2026-10-04T03:00:00+00:00,0.003904,188,False,T not bracketed by two usable Deribit slices,0
2026-10-02T16:48:12.565740+00:00,KXBTCD-26OCT0400,BTC,hourly,2026-10-04T04:00:00+00:00,0.004018,188,False,T not bracketed by two usable Deribit slices,0
2026-10-02T16:48:12.565740+00:00,KXBTCD-26OCT0917,BTC,weekly,2026-10-09T21:00:00+00:00,0.019657,50,False,only 0 two-sided strikes (need 20),0
2026-10-02T16:48:12.565740+00:00,KXETHD-26OCT0213,ETH,hourly,2026-10-02T17:00:00+00:00,2.2e-05,300,False,T not bracketed by two usable Deribit slices,4
2026-10-02T16:48:12.565740+00:00,KXETHD-26OCT0217,ETH,weekly,2026-10-02T21:00:00+00:00,0.000479,50,False,T not bracketed by two usable Deribit slices,5
2026-10-02T16:48:12.565740+00:00,KXETHD-26OCT0214,ETH,hourly,2026-10-02T18:00:00+00:00,0.000137,300,False,T not bracketed by two usable Deribit slices,0
2026-10-02T16:48:12.565740+00:00,KXETHD-26OCT0215,ETH,hourly,2026-10-02T19:00:00+00:00,0.000251,300,False,T not bracketed by two usable Deribit slices,0
2026-10-02T16:48:12.565740+00:00,KXETHD-26OCT0216,ETH,hourly,2026-10-02T20:00:00+00:00,0.000365,300,False,T not bracketed by two usable Deribit slices,0
2026-10-02T16:48:12.565740+00:00,KXETHD-26OCT0218,ETH,hourly,2026-10-02T22:00:00+00:00,0.000593,300,False,T not bracketed by two usable Deribit slices,0
2026-10-02T16:48:12.565740+00:00,KXETHD-26OCT0219,ETH,hourly,2026-10-02T23:00:00+00:00,0.000707,300,False,T not bracketed by two usable Deribit slices,0
2026-10-02T16:48:12.565740+00:00,KXETHD-26OCT0220,ETH,hourly,2026-10-03T00:00:00+00:00,0.000822,300,False,T not bracketed by two usable Deribit slices,0
2026-10-02T16:48:12.565740+00:00,KXETHD-26OCT0221,ETH,hourly,2026-10-03T01:00:00+00:00,0.000936,300,False,T not bracketed by two usable Deribit slices,0
2026-10-02T16:48:12.565740+00:00,KXETHD-26OCT0222,ETH,hourly,2026-10-03T02:00:00+00:00,0.00105,300,False,T not bracketed by two usable Deribit slices,0
2026-10-02T16:48:12.565740+00:00,KXETHD-26OCT0223,ETH,hourly,2026-10-03T03:00:00+00:00,0.001164,300,False,T not bracketed by two usable Deribit slices,0
2026-10-02T16:48:12.565740+00:00,KXETHD-26OCT0300,ETH,hourly,2026-10-03T04:00:00+00:00,0.001278,300,False,T not bracketed by two usable Deribit slices,0
2026-10-02T16:48:12.565740+00:00,KXETHD-26OCT0301,ETH,hourly,2026-10-03T05:00:00+00:00,0.001392,300,False,T not bracketed by two usable Deribit slices,0
2026-10-02T16:48:12.565740+00:00,KXETHD-26OCT0302,ETH,hourly,2026-10-03T06:00:00+00:00,0.001506,300,False,T not bracketed by two usable Deribit slices,0
2026-10-02T16:48:12.565740+00:00,KXETHD-26OCT0303,ETH,hourly,2026-10-03T07:00:00+00:00,0.001621,300,False,T not bracketed by two usable Deribit slices,0
2026-10-02T16:48:12.565740+00:00,KXETHD-26OCT0304,ETH,hourly,2026-10-03T08:00:00+00:00,0.001735,300,False,T not bracketed by two usable Deribit slices,0
2026-10-02T16:48:12.565740+00:00,KXETHD-26OCT0305,ETH,hourly,2026-10-03T09:00:00+00:00,0.001849,300,False,T not bracketed by two usable Deribit slices,0
2026-10-02T16:48:12.565740+00:00,KXETHD-26OCT0306,ETH,hourly,2026-10-03T10:00:00+00:00,0.001963,300,False,T not bracketed by two usable Deribit slices,0
2026-10-02T16:48:12.565740+00:00,KXETHD-26OCT0307,ETH,hourly,2026-10-03T11:00:00+00:00,0.002077,300,False,T not bracketed by two usable Deribit slices,0
2026-10-02T16:48:12.565740+00:00,KXETHD-26OCT0308,ETH,hourly,2026-10-03T12:00:00+00:00,0.002191,300,False,T not bracketed by two usable Deribit slices,0
2026-10-02T16:48:12.565740+00:00,KXETHD-26OCT0309,ETH,hourly,2026-10-03T13:00:00+00:00,0.002306,300,False,T not bracketed by two usable Deribit slices,0
2026-10-02T16:48:12.565740+00:00,KXETHD-26OCT0310,ETH,hourly,2026-10-03T14:00:00+00:00,0.00242,300,False,T not bracketed by two usable Deribit slices,0
2026-10-02T16:48:12.565740+00:00,KXETHD-26OCT0311,ETH,hourly,2026-10-03T15:00:00+00:00,0.002534,300,False,T not bracketed by two usable Deribit slices,0
2026-10-02T16:48:12.565740+00:00,KXETHD-26OCT0312,ETH,hourly,2026-10-03T16:00:00+00:00,0.002648,300,False,T not bracketed by two usable Deribit slices,0
2026-10-02T16:48:12.565740+00:00,KXETHD-26OCT0313,ETH,hourly,2026-10-03T17:00:00+00:00,0.002762,300,False,T not bracketed by two usable Deribit slices,0
2026-10-02T16:48:12.565740+00:00,KXETHD-26OCT0314,ETH,hourly,2026-10-03T18:00:00+00:00,0.002876,300,False,T not bracketed by two usable Deribit slices,0
2026-10-02T16:48:12.565740+00:00,KXETHD-26OCT0315,ETH,hourly,2026-10-03T19:00:00+00:00,0.00299,300,False,T not bracketed by two usable Deribit slices,0
2026-10-02T16:48:12.565740+00:00,KXETHD-26OCT0316,ETH,hourly,2026-10-03T20:00:00+00:00,0.003105,300,False,T not bracketed by two usable Deribit slices,0
2026-10-02T16:48:12.565740+00:00,KXETHD-26OCT0317,ETH,daily,2026-10-03T21:00:00+00:00,0.003219,40,False,T not bracketed by two usable Deribit slices,0
2026-10-02T16:48:12.565740+00:00,KXETHD-26OCT0318,ETH,hourly,2026-10-03T22:00:00+00:00,0.003333,300,False,T not bracketed by two usable Deribit slices,0
2026-10-02T16:48:12.565740+00:00,KXETHD-26OCT0319,ETH,hourly,2026-10-03T23:00:00+00:00,0.003447,300,False,T not bracketed by two usable Deribit slices,0
2026-10-02T16:48:12.565740+00:00,KXETHD-26OCT0320,ETH,hourly,2026-10-04T00:00:00+00:00,0.003561,300,False,T not bracketed by two usable Deribit slices,0
2026-10-02T16:48:12.565740+00:00,KXETHD-26OCT0321,ETH,hourly,2026-10-04T01:00:00+00:00,0.003675,300,False,T not bracketed by two usable Deribit slices,0
2026-10-02T16:48:12.565740+00:00,KXETHD-26OCT0322,ETH,hourly,2026-10-04T02:00:00+00:00,0.00379,300,False,T not bracketed by two usable Deribit slices,0
2026-10-02T16:48:12.565740+00:00,KXETHD-26OCT0323,ETH,hourly,2026-10-04T03:00:00+00:00,0.003904,300,False,T not bracketed by two usable Deribit slices,0
2026-10-02T16:48:12.565740+00:00,KXETHD-26OCT0400,ETH,hourly,2026-10-04T04:00:00+00:00,0.004018,300,False,T not bracketed by two usable Deribit slices,0
2026-10-02T16:48:12.565740+00:00,KXETHD-26OCT0917,ETH,weekly,2026-10-09T21:00:00+00:00,0.019657,50,False,only 0 two-sided strikes (need 20),0
2026-10-03T07:00:26.024643+00:00,KXBTCD-26OCT0304,BTC,hourly,2026-10-03T08:00:00+00:00,0.000113,188,False,T not bracketed by two usable Deribit slices,10
2026-10-03T07:00:26.024643+00:00,KXBTCD-26OCT0317,BTC,daily,2026-10-03T21:00:00+00:00,0.001597,80,False,T not bracketed by two usable Deribit slices,21
2026-10-03T07:00:26.024643+00:00,KXBTCD-26OCT0917,BTC,weekly,2026-10-09T21:00:00+00:00,0.018036,50,True,qualifies,37
2026-10-03T07:00:26.024643+00:00,KXBTCD-26OCT0305,BTC,hourly,2026-10-03T09:00:00+00:00,0.000227,188,False,T not bracketed by two usable Deribit slices,0
2026-10-03T07:00:26.024643+00:00,KXBTCD-26OCT0306,BTC,hourly,2026-10-03T10:00:00+00:00,0.000342,188,False,T not bracketed by two usable Deribit slices,0
2026-10-03T07:00:26.024643+00:00,KXBTCD-26OCT0307,BTC,hourly,2026-10-03T11:00:00+00:00,0.000456,188,False,T not bracketed by two usable Deribit slices,0
2026-10-03T07:00:26.024643+00:00,KXBTCD-26OCT0308,BTC,hourly,2026-10-03T12:00:00+00:00,0.00057,188,False,T not bracketed by two usable Deribit slices,0
2026-10-03T07:00:26.024643+00:00,KXBTCD-26OCT0309,BTC,hourly,2026-10-03T13:00:00+00:00,0.000684,188,False,T not bracketed by two usable Deribit slices,0
2026-10-03T07:00:26.024643+00:00,KXBTCD-26OCT0310,BTC,hourly,2026-10-03T14:00:00+00:00,0.000798,188,False,T not bracketed by two usable Deribit slices,0
2026-10-03T07:00:26.024643+00:00,KXBTCD-26OCT0311,BTC,hourly,2026-10-03T15:00:00+00:00,0.000912,188,False,T not bracketed by two usable Deribit slices,0
2026-10-03T07:00:26.024643+00:00,KXBTCD-26OCT0312,BTC,hourly,2026-10-03T16:00:00+00:00,0.001027,188,False,T not bracketed by two usable Deribit slices,0
2026-10-03T07:00:26.024643+00:00,KXBTCD-26OCT0313,BTC,hourly,2026-10-03T17:00:00+00:00,0.001141,188,False,T not bracketed by two usable Deribit slices,0
2026-10-03T07:00:26.024643+00:00,KXBTCD-26OCT0314,BTC,hourly,2026-10-03T18:00:00+00:00,0.001255,188,False,T not bracketed by two usable Deribit slices,0
2026-10-03T07:00:26.024643+00:00,KXBTCD-26OCT0315,BTC,hourly,2026-10-03T19:00:00+00:00,0.001369,188,False,T not bracketed by two usable Deribit slices,0
2026-10-03T07:00:26.024643+00:00,KXBTCD-26OCT0316,BTC,hourly,2026-10-03T20:00:00+00:00,0.001483,188,False,T not bracketed by two usable Deribit slices,0
2026-10-03T07:00:26.024643+00:00,KXBTCD-26OCT0318,BTC,hourly,2026-10-03T22:00:00+00:00,0.001712,188,False,T not bracketed by two usable Deribit slices,0
2026-10-03T07:00:26.024643+00:00,KXBTCD-26OCT0319,BTC,hourly,2026-10-03T23:00:00+00:00,0.001826,188,False,T not bracketed by two usable Deribit slices,0
2026-10-03T07:00:26.024643+00:00,KXBTCD-26OCT0320,BTC,hourly,2026-10-04T00:00:00+00:00,0.00194,188,False,T not bracketed by two usable Deribit slices,0
2026-10-03T07:00:26.024643+00:00,KXBTCD-26OCT0321,BTC,hourly,2026-10-04T01:00:00+00:00,0.002054,188,False,T not bracketed by two usable Deribit slices,0
2026-10-03T07:00:26.024643+00:00,KXBTCD-26OCT0322,BTC,hourly,2026-10-04T02:00:00+00:00,0.002168,188,False,T not bracketed by two usable Deribit slices,0
2026-10-03T07:00:26.024643+00:00,KXBTCD-26OCT0323,BTC,hourly,2026-10-04T03:00:00+00:00,0.002282,188,False,T not bracketed by two usable Deribit slices,0
2026-10-03T07:00:26.024643+00:00,KXBTCD-26OCT0400,BTC,hourly,2026-10-04T04:00:00+00:00,0.002396,188,False,T not bracketed by two usable Deribit slices,0
2026-10-03T07:00:26.024643+00:00,KXETHD-26OCT0304,ETH,hourly,2026-10-03T08:00:00+00:00,0.000113,300,False,T not bracketed by two usable Deribit slices,7
2026-10-03T07:00:26.024643+00:00,KXETHD-26OCT0317,ETH,daily,2026-10-03T21:00:00+00:00,0.001597,40,False,T not bracketed by two usable Deribit slices,3
2026-10-03T07:00:26.024643+00:00,KXETHD-26OCT0917,ETH,weekly,2026-10-09T21:00:00+00:00,0.018036,50,False,only 16 two-sided strikes (need 20),16
2026-10-03T07:00:26.024643+00:00,KXETHD-26OCT0305,ETH,hourly,2026-10-03T09:00:00+00:00,0.000227,300,False,T not bracketed by two usable Deribit slices,0
2026-10-03T07:00:26.024643+00:00,KXETHD-26OCT0306,ETH,hourly,2026-10-03T10:00:00+00:00,0.000342,300,False,T not bracketed by two usable Deribit slices,0
2026-10-03T07:00:26.024643+00:00,KXETHD-26OCT0307,ETH,hourly,2026-10-03T11:00:00+00:00,0.000456,300,False,T not bracketed by two usable Deribit slices,0
2026-10-03T07:00:26.024643+00:00,KXETHD-26OCT0308,ETH,hourly,2026-10-03T12:00:00+00:00,0.00057,300,False,T not bracketed by two usable Deribit slices,0
2026-10-03T07:00:26.024643+00:00,KXETHD-26OCT0309,ETH,hourly,2026-10-03T13:00:00+00:00,0.000684,300,False,T not bracketed by two usable Deribit slices,0
2026-10-03T07:00:26.024643+00:00,KXETHD-26OCT0310,ETH,hourly,2026-10-03T14:00:00+00:00,0.000798,300,False,T not bracketed by two usable Deribit slices,0
2026-10-03T07:00:26.024643+00:00,KXETHD-26OCT0311,ETH,hourly,2026-10-03T15:00:00+00:00,0.000912,300,False,T not bracketed by two usable Deribit slices,0
2026-10-03T07:00:26.024643+00:00,KXETHD-26OCT0312,ETH,hourly,2026-10-03T16:00:00+00:00,0.001027,300,False,T not bracketed by two usable Deribit slices,0
2026-10-03T07:00:26.024643+00:00,KXETHD-26OCT0313,ETH,hourly,2026-10-03T17:00:00+00:00,0.001141,300,False,T not bracketed by two usable Deribit slices,0
2026-10-03T07:00:26.024643+00:00,KXETHD-26OCT0314,ETH,hourly,2026-10-03T18:00:00+00:00,0.001255,300,False,T not bracketed by two usable Deribit slices,0
2026-10-03T07:00:26.024643+00:00,KXETHD-26OCT0315,ETH,hourly,2026-10-03T19:00:00+00:00,0.001369,300,False,T not bracketed by two usable Deribit slices,0
2026-10-03T07:00:26.024643+00:00,KXETHD-26OCT0316,ETH,hourly,2026-10-03T20:00:00+00:00,0.001483,300,False,T not bracketed by two usable Deribit slices,0
2026-10-03T07:00:26.024643+00:00,KXETHD-26OCT0318,ETH,hourly,2026-10-03T22:00:00+00:00,0.001712,300,False,T not bracketed by two usable Deribit slices,0
2026-10-03T07:00:26.024643+00:00,KXETHD-26OCT0319,ETH,hourly,2026-10-03T23:00:00+00:00,0.001826,300,False,T not bracketed by two usable Deribit slices,0
2026-10-03T07:00:26.024643+00:00,KXETHD-26OCT0320,ETH,hourly,2026-10-04T00:00:00+00:00,0.00194,300,False,T not bracketed by two usable Deribit slices,0
2026-10-03T07:00:26.024643+00:00,KXETHD-26OCT0321,ETH,hourly,2026-10-04T01:00:00+00:00,0.002054,300,False,T not bracketed by two usable Deribit slices,0
2026-10-03T07:00:26.024643+00:00,KXETHD-26OCT0322,ETH,hourly,2026-10-04T02:00:00+00:00,0.002168,300,False,T not bracketed by two usable Deribit slices,0
2026-10-03T07:00:26.024643+00:00,KXETHD-26OCT0323,ETH,hourly,2026-10-04T03:00:00+00:00,0.002282,300,False,T not bracketed by two usable Deribit slices,0
2026-10-03T07:00:26.024643+00:00,KXETHD-26OCT0400,ETH,hourly,2026-10-04T04:00:00+00:00,0.002396,300,False,T not bracketed by two usable Deribit slices,0
