market_id,resolved_at,outcome,settlement_value
KXBTCD-26SEP2517-T65499.99,2026-10-02T16:48:43.377012+00:00,1,83880.37
KXBTCD-26SEP2517-T65999.99,2026-10-02T16:48:43.377012+00:00,1,83880.37
KXBTCD-26SEP2517-T66499.99,2026-10-02T16:48:43.377012+00:00,1,83880.37
KXBTCD-26SEP2517-T66999.99,2026-10-02T16:48:43.377012+00:00,1,83880.37
KXBTCD-26SEP2517-T67499.99,2026-10-02T16:48:43.377012+00:00,1,83880.37
KXBTCD-26SEP2517-T67999.99,2026-10-02T16:48:43.377012+00:00,1,83880.37
KXBTCD-26SEP2517-T68499.99,2026-10-02T16:48:43.377012+00:00,1,83880.37
KXBTCD-26SEP2517-T68999.99,2026-10-02T16:48:43.377012+00:00,1,83880.37
KXBTCD-26SEP2517-T69499.99,2026-10-02T16:48:43.377012+00:00,1,83880.37
KXBTCD-26SEP2517-T69999.99,2026-10-02T16:48:43.377012+00:00,1,83880.37
KXBTCD-26SEP2517-T70499.99,2026-10-02T16:48:43.377012+00:00,1,83880.37
KXBTCD-26SEP2517-T70999.99,2026-10-02T16:48:43.377012+00:00,1,83880.37
KXBTCD-26SEP2517-T71499.99,2026-10-02T16:48:43.377012+00:00,1,83880.37
KXBTCD-26SEP2517-T71999.99,2026-10-02T16:48:43.377012+00:00,1,83880.37
KXBTCD-26SEP2517-T72499.99,2026-10-02T16:48:43.377012+00:00,1,83880.37
KXBTCD-26SEP2517-T72999.99,2026-10-02T16:48:43.377012+00:00,1,83880.37
KXBTCD-26SEP2517-T73499.99,2026-10-02T16:48:43.377012+00:00,1,83880.37
KXBTCD-26SEP2517-T73999.99,2026-10-02T16:48:43.377012+00:00,1,83880.37
KXBTCD-26SEP2517-T74499.99,2026-10-02T16:48:43.377012+00:00,1,83880.37
KXBTCD-26SEP2517-T74999.99,2026-10-02T16:48:43.377012+00:00,1,83880.37
KXBTCD-26SEP2517-T75499.99,2026-10-02T16:48:43.377012+00:00,1,83880.37
KXBTCD-26SEP2517-T75999.99,2026-10-02T16:48:43.377012+00:00,1,83880.37
KXBTCD-26SEP2517-T76499.99,2026-10-02T16:48:43.377012+00:00,1,83880.37
KXBTCD-26SEP2517-T76999.99,2026-10-02T16:48:43.377012+00:00,1,83880.37
KXBTCD-26SEP2517-T77499.99,2026-10-02T16:48:43.377012+00:00,1,83880.37
KXBTCD-26SEP2517-T77999.99,2026-10-02T16:48:43.377012+00:00,1,83880.37
KXBTCD-26SEP2517-T78499.99,2026-10-02T16:48:43.377012+00:00,1,83880.37
KXBTCD-26SEP2517-T78999.99,2026-10-02T16:48:43.377012+00:00,1,83880.37
KXBTCD-26SEP2517-T79499.99,2026-10-02T16:48:43.377012+00:00,1,83880.37
KXBTCD-26SEP2517-T79999.99,2026-10-02T16:48:43.377012+00:00,1,83880.37
KXBTCD-26SEP2517-T80499.99,2026-10-02T16:48:43.377012+00:00,1,83880.37
KXBTCD-26SEP2517-T80999.99,2026-10-02T16:48:43.377012+00:00,1,83880.37
KXBTCD-26SEP2517-T81499.99,2026-10-02T16:48:43.377012+00:00,1,83880.37
KXBTCD-26SEP2517-T81999.99,2026-10-02T16:48:43.377012+00:00,1,83880.37
KXBTCD-26SEP2517-T82499.99,2026-10-02T16:48:43.377012+00:00,1,83880.37
KXBTCD-26SEP2517-T82999.99,2026-10-02T16:48:43.377012+00:00,1,83880.37
KXBTCD-26SEP2517-T83499.99,2026-10-02T16:48:43.377012+00:00,1,83880.37
KXBTCD-26SEP2517-T83999.99,2026-10-02T16:48:43.377012+00:00,0,83880.37
KXBTCD-26SEP2517-T84499.99,2026-10-02T16:48:43.377012+00:00,0,83880.37
KXBTCD-26SEP2517-T84999.99,2026-10-02T16:48:43.377012+00:00,0,83880.37
KXBTCD-26SEP2517-T85499.99,2026-10-02T16:48:43.377012+00:00,0,83880.37
KXBTCD-26SEP2517-T85999.99,2026-10-02T16:48:43.377012+00:00,0,83880.37
KXBTCD-26SEP2517-T86499.99,2026-10-02T16:48:43.377012+00:00,0,83880.37
KXBTCD-26SEP2517-T86999.99,2026-10-02T16:48:43.377012+00:00,0,83880.37
KXBTCD-26SEP2517-T87499.99,2026-10-02T16:48:43.377012+00:00,0,83880.37
KXBTCD-26SEP2517-T87999.99,2026-10-02T16:48:43.377012+00:00,0,83880.37
KXBTCD-26SEP2517-T88499.99,2026-10-02T16:48:43.377012+00:00,0,83880.37
KXBTCD-26SEP2517-T88999.99,2026-10-02T16:48:43.377012+00:00,0,83880.37
KXBTCD-26SEP2517-T89499.99,2026-10-02T16:48:43.377012+00:00,0,83880.37
KXBTCD-26SEP2517-T89999.99,2026-10-02T16:48:43.377012+00:00,0,83880.37
KXETHD-26SEP2517-T1499.99,2026-10-02T16:48:43.377012+00:00,1,2684.34
KXETHD-26SEP2517-T1539.99,2026-10-02T16:48:43.377012+00:00,1,2684.34
KXETHD-26SEP2517-T1579.99,2026-10-02T16:48:43.377012+00:00,1,2684.34
KXETHD-26SEP2517-T1619.99,2026-10-02T16:48:43.377012+00:00,1,2684.34
KXETHD-26SEP2517-T1659.99,2026-10-02T16:48:43.377012+00:00,1,2684.34
KXETHD-26SEP2517-T1699.99,2026-10-02T16:48:43.377012+00:00,1,2684.34
KXETHD-26SEP2517-T1739.99,2026-10-02T16:48:43.377012+00:00,1,2684.34
KXETHD-26SEP2517-T1779.99,2026-10-02T16:48:43.377012+00:00,1,2684.34
KXETHD-26SEP2517-T1819.99,2026-10-02T16:48:43.377012+00:00,1,2684.34
KXETHD-26SEP2517-T1859.99,2026-10-02T16:48:43.377012+00:00,1,2684.34
KXETHD-26SEP2517-T1899.99,2026-10-02T16:48:43.377012+00:00,1,2684.34
KXETHD-26SEP2517-T1939.99,2026-10-02T16:48:43.377012+00:00,1,2684.34
KXETHD-26SEP2517-T1979.99,2026-10-02T16:48:43.377012+00:00,1,2684.34
KXETHD-26SEP2517-T2019.99,2026-10-02T16:48:43.377012+00:00,1,2684.34
KXETHD-26SEP2517-T2059.99,2026-10-02T16:48:43.377012+00:00,1,2684.34
KXETHD-26SEP2517-T2099.99,2026-10-02T16:48:43.377012+00:00,1,2684.34
KXETHD-26SEP2517-T2139.99,2026-10-02T16:48:43.377012+00:00,1,2684.34
KXETHD-26SEP2517-T2179.99,2026-10-02T16:48:43.377012+00:00,1,2684.34
KXETHD-26SEP2517-T2219.99,2026-10-02T16:48:43.377012+00:00,1,2684.34
KXETHD-26SEP2517-T2259.99,2026-10-02T16:48:43.377012+00:00,1,2684.34
KXETHD-26SEP2517-T2299.99,2026-10-02T16:48:43.377012+00:00,1,2684.34
KXETHD-26SEP2517-T2339.99,2026-10-02T16:48:43.377012+00:00,1,2684.34
KXETHD-26SEP2517-T2379.99,2026-10-02T16:48:43.377012+00:00,1,2684.34
KXETHD-26SEP2517-T2419.99,2026-10-02T16:48:43.377012+00:00,1,2684.34
KXETHD-26SEP2517-T2459.99,2026-10-02T16:48:43.377012+00:00,1,2684.34
KXETHD-26SEP2517-T2499.99,2026-10-02T16:48:43.377012+00:00,1,2684.34
KXETHD-26SEP2517-T2539.99,2026-10-02T16:48:43.377012+00:00,1,2684.34
KXETHD-26SEP2517-T2579.99,2026-10-02T16:48:43.377012+00:00,1,2684.34
KXETHD-26SEP2517-T2619.99,2026-10-02T16:48:43.377012+00:00,1,2684.34
KXETHD-26SEP2517-T2659.99,2026-10-02T16:48:43.377012+00:00,1,2684.34
KXETHD-26SEP2517-T2699.99,2026-10-02T16:48:43.377012+00:00,0,2684.34
KXETHD-26SEP2517-T2739.99,2026-10-02T16:48:43.377012+00:00,0,2684.34
KXETHD-26SEP2517-T2779.99,2026-10-02T16:48:43.377012+00:00,0,2684.34
KXETHD-26SEP2517-T2819.99,2026-10-02T16:48:43.377012+00:00,0,2684.34
KXETHD-26SEP2517-T2859.99,2026-10-02T16:48:43.377012+00:00,0,2684.34
KXETHD-26SEP2517-T2899.99,2026-10-02T16:48:43.377012+00:00,0,2684.34
KXETHD-26SEP2517-T2939.99,2026-10-02T16:48:43.377012+00:00,0,2684.34
KXETHD-26SEP2517-T2979.99,2026-10-02T16:48:43.377012+00:00,0,2684.34
KXETHD-26SEP2517-T3019.99,2026-10-02T16:48:43.377012+00:00,0,2684.34
KXETHD-26SEP2517-T3059.99,2026-10-02T16:48:43.377012+00:00,0,2684.34
KXETHD-26SEP2517-T3099.99,2026-10-02T16:48:43.377012+00:00,0,2684.34
KXETHD-26SEP2517-T3139.99,2026-10-02T16:48:43.377012+00:00,0,2684.34
KXETHD-26SEP2517-T3179.99,2026-10-02T16:48:43.377012+00:00,0,2684.34
KXETHD-26SEP2517-T3219.99,2026-10-02T16:48:43.377012+00:00,0,2684.34
KXETHD-26SEP2517-T3259.99,2026-10-02T16:48:43.377012+00:00,0,2684.34
KXETHD-26SEP2517-T3299.99,2026-10-02T16:48:43.377012+00:00,0,2684.34
KXETHD-26SEP2517-T3339.99,2026-10-02T16:48:43.377012+00:00,0,2684.34
KXETHD-26SEP2517-T3379.99,2026-10-02T16:48:43.377012+00:00,0,2684.34
KXETHD-26SEP2517-T3419.99,2026-10-02T16:48:43.377012+00:00,0,2684.34
KXETHD-26SEP2517-T3459.99,2026-10-02T16:48:43.377012+00:00,0,2684.34
